"TargetTime","TT_c","Condition","T_frac_c","TF","emmean","SE","lower.CL","upper.CL"
"6 s",-2,"Block",-0.334175381871127,0.0272999999999883,-0.708048530137509,0.379233853485497,-1.47054929722323,0.0544522369482072
"6 s",-2,"Block",-0.324406863352614,0.037068518518502,-0.715973942997945,0.377105023372951,-1.4741944102663,0.0422465242704075
"6 s",-2,"Block",-0.3146383448341,0.0468370370370156,-0.723899355858381,0.375040625051548,-1.47796907210814,0.0301703603913791
"6 s",-2,"Block",-0.304869826315586,0.0566055555555292,-0.731824768718817,0.373041728211854,-1.48187543350578,0.0182258960681497
"6 s",-2,"Block",-0.295101307797073,0.0663740740740428,-0.739750181579253,0.371109391282149,-1.48591562257191,0.00641525941340615
"6 s",-2,"Block",-0.285332789278559,0.0761425925925564,-0.747675594439689,0.369244659230997,-1.49009174035665,-0.00525944852273086
"6 s",-2,"Block",-0.275564270760046,0.08591111111107,-0.755601007300124,0.367448561305813,-1.49440585630061,-0.0167961582996382
"6 s",-2,"Block",-0.265795752241532,0.0956796296295837,-0.76352642016056,0.365722108715207,-1.49886000357498,-0.028192836746138
"6 s",-2,"Block",-0.256027233723018,0.105448148148097,-0.771451833020996,0.364066292263883,-1.50345617432614,-0.03944749171585
"6 s",-2,"Block",-0.246258715204505,0.115216666666611,-0.779377245881432,0.362482079949801,-1.50819631484443,-0.050558176918436
"6 s",-2,"Block",-0.236490196685991,0.124985185185125,-0.787302658741868,0.36097041453419,-1.51308232067834,-0.0615229968053974
"6 s",-2,"Block",-0.226721678167477,0.134753703703638,-0.795228071602304,0.359532211095925,-1.51811603171726,-0.0723401114873434
"6 s",-2,"Block",-0.216953159648964,0.144522222222152,-0.803153484462739,0.358168354582525,-1.52329922726745,-0.0830077416580339
"6 s",-2,"Block",-0.20718464113045,0.154290740740665,-0.811078897323175,0.356879697370795,-1.52863362114731,-0.0935241734990367
"6 s",-2,"Block",-0.197416122611937,0.164059259259179,-0.819004310183611,0.355667056850752,-1.53412085682965,-0.103887763537575
"6 s",-2,"Block",-0.187647604093423,0.173827777777693,-0.826929723044047,0.35453121304699,-1.53976250265901,-0.114096943429087
"6 s",-2,"Block",-0.177879085574909,0.183596296296206,-0.834855135904483,0.353472906292057,-1.54556004717375,-0.12415022463522
"6 s",-2,"Block",-0.168110567056396,0.19336481481472,-0.842780548764919,0.352492834966648,-1.55151489456236,-0.134046202967474
"6 s",-2,"Block",-0.158342048537882,0.203133333333233,-0.850705961625355,0.351591653321555,-1.55762836028424,-0.143783562966467
"6 s",-2,"Block",-0.148573530019369,0.212901851851747,-0.85863137448579,0.350769969396232,-1.56390166688464,-0.153361082086939
"6 s",-2,"Block",-0.138805011500855,0.222670370370261,-0.866556787346226,0.350028343048631,-1.57033594003342,-0.16277763465903
"6 s",-2,"Block",-0.129036492982341,0.232438888888774,-0.874482200206662,0.349367284110571,-1.57693220481616,-0.172032195597169
"6 s",-2,"Block",-0.119267974463828,0.242207407407288,-0.882407613067098,0.34878725068229,-1.58369138230511,-0.18112384382909
"6 s",-2,"Block",-0.109499455945314,0.251975925925802,-0.890333025927534,0.34828864757915,-1.59061428643611,-0.190051765418958
"6 s",-2,"Block",-0.0997309374268004,0.261744444444315,-0.89825843878797,0.347871824942471,-1.59770162121547,-0.198815256360465
"6 s",-2,"Block",-0.0899624189082868,0.271512962962829,-0.906183851648405,0.347537077025438,-1.60495397827888,-0.20741372501793
"6 s",-2,"Block",-0.0801939003897732,0.281281481481342,-0.914109264508841,0.347284641163778,-1.61237183482179,-0.21584669419589
"6 s",-2,"Block",-0.0704253818712596,0.291049999999856,-0.922034677369277,0.347114696939515,-1.61995555191807,-0.224113802820487
"6 s",-2,"Block",-0.060656863352746,0.30081851851837,-0.929960090229713,0.347027365544646,-1.62770537324055,-0.232214807218878
"6 s",-2,"Block",-0.0508883448342324,0.310587037036883,-0.937885503090149,0.347022709349967,-1.63562142419412,-0.240149581986173
"6 s",-2,"Block",-0.0411198263157188,0.320355555555397,-0.945810915950585,0.347100731682627,-1.64370371146848,-0.247918120432692
"6 s",-2,"Block",-0.0313513077972051,0.33012407407391,-0.95373632881102,0.347261376814247,-1.65195212301419,-0.255520534607849
"6 s",-2,"Block",-0.0215827892786915,0.339892592592424,-0.961661741671456,0.347504530159719,-1.66036642844247,-0.262957054900447
"6 s",-2,"Block",-0.0118142707601779,0.349661111110938,-0.969587154531892,0.347830018685012,-1.66894627984506,-0.27022802921872
"6 s",-2,"Block",-0.00204575224166426,0.359429629629451,-0.977512567392328,0.34823761152063,-1.67769121302775,-0.277333921756904
"6 s",-2,"Block",0.00772276627684937,0.369198148147965,-0.985437980252764,0.348727020775649,-1.68660064914703,-0.284275311358497
"6 s",-2,"Block",0.017491284795363,0.378966666666479,-0.9933633931132,0.349297902545684,-1.69567389673679,-0.291052889489605
"6 s",-2,"Block",0.0272598033138766,0.388735185184992,-1.00128880597364,0.34994985810664,-1.70491015410851,-0.297667457838756
"6 s",-2,"Block",0.0370283218323902,0.398503703703506,-1.00921421883407,0.350682435284674,-1.71430851210575,-0.304119925562396
"6 s",-2,"Block",0.0467968403509038,0.408272222222019,-1.01713963169451,0.351495129991597,-1.72386795719126,-0.310411306197754
"6 s",-2,"Block",0.0565653588694174,0.418040740740533,-1.02506504455494,0.352387387913812,-1.73358737484287,-0.31654271426702
"6 s",-2,"Block",0.0663338773879311,0.427809259259047,-1.03299045741538,0.353358606341938,-1.74346555323214,-0.32251536159862
"6 s",-2,"Block",0.0761023959064447,0.43757777777756,-1.04091587027581,0.354408136127549,-1.75350118715868,-0.328330553392945
"6 s",-2,"Block",0.0858709144249583,0.447346296296074,-1.04884128313625,0.355535283752791,-1.76369288221141,-0.333989684061094
"6 s",-2,"Block",0.0956394329434719,0.457114814814587,-1.05676669599669,0.356739313498304,-1.77403915912738,-0.339494232865988
"6 s",-2,"Block",0.105407951461986,0.466883333333101,-1.06469210885712,0.358019449694557,-1.7845384583185,-0.344845759395745
"6 s",-2,"Block",0.115176469980499,0.476651851851615,-1.07261752171756,0.359374879041697,-1.7951891445358,-0.350045898899318
"6 s",-2,"Block",0.124944988499013,0.486420370370128,-1.08054293457799,0.360804752983055,-1.80598951164175,-0.355096357514238
"6 s",-2,"Block",0.134713507017526,0.496188888888642,-1.08846834743843,0.362308190117725,-1.81693778746105,-0.359998907415804
"6 s",-2,"Block",0.14448202553604,0.505957407407156,-1.09639376029887,0.363884278637986,-1.82803213868142,-0.364755381916309
"6 s",-2,"Block",0.154250544054554,0.515725925925669,-1.1043191731593,0.365532078777886,-1.83927067577676,-0.369367670541844
"6 s",-2,"Block",0.164019062573067,0.525494444444183,-1.11224458601974,0.367250625259871,-1.85065145792647,-0.373837714113008
"6 s",-2,"Block",0.173787581091581,0.535262962962696,-1.12016999888017,0.369038929727121,-1.86217249790597,-0.378167499854378
"6 s",-2,"Block",0.183556099610094,0.54503148148121,-1.12809541174061,0.370895983149992,-1.87383176692519,-0.382359056556023
"6 s",-2,"Block",0.193324618128608,0.554799999999724,-1.13602082460104,0.372820758195877,-1.88562719939349,-0.386414449808594
"6 s",-2,"Block",0.203093136647122,0.564568518518237,-1.14394623746148,0.374812211552648,-1.89755669759124,-0.39033577733172
"6 s",-2,"Block",0.212861655165635,0.574337037036751,-1.15187165032192,0.376869286196837,-1.90961813623031,-0.394125164413521
"6 s",-2,"Block",0.222630173684149,0.584105555555265,-1.15979706318235,0.378990913598636,-1.92180936688753,-0.397784759477173
"6 s",-2,"Block",0.232398692202663,0.593874074073778,-1.16772247604279,0.38117601585676,-1.93412822229711,-0.401316729788462
"6 s",-2,"Block",0.242167210721176,0.603642592592292,-1.17564788890322,0.383423507757186,-1.94657252049003,-0.404723257316421
"6 s",-2,"Block",0.25193572923969,0.613411111110805,-1.18357330176366,0.385732298750709,-1.95914006877013,-0.408006534757191
"6 s",-2,"Block",0.261704247758203,0.623179629629319,-1.1914987146241,0.388101294845142,-1.97182866751871,-0.411168761729484
"6 s",-2,"Block",0.271472766276717,0.632948148147833,-1.19942412748453,0.390529400408898,-1.98463611382081,-0.414212141148249
"6 s",-2,"Block",0.281241284795231,0.642716666666346,-1.20734954034497,0.393015519883478,-1.99756020490845,-0.417138875781489
"6 s",-2,"Block",0.291009803313744,0.65248518518486,-1.2152749532054,0.395558559403176,-2.0105987414172,-0.419951164993608
"6 s",-2,"Block",0.300778321832258,0.662253703703373,-1.22320036606584,0.39815742832106,-2.02374953045444,-0.422651201677237
"6 s",-2,"Block",0.310546840350772,0.672022222221887,-1.23112577892627,0.400811040640914,-2.03701038847844,-0.425241169374114
"6 s",-2,"Block",0.320315358869285,0.681790740740401,-1.23905119178671,0.403518316355471,-2.05037914398903,-0.427723239584391
"6 s",-2,"Block",0.330083877387799,0.691559259258914,-1.24697660464715,0.40627818269179,-2.06385364003167,-0.430099569262626
"6 s",-2,"Block",0.339852395906312,0.701327777777428,-1.25490201750758,0.409089575265151,-2.07743173651743,-0.432372298497735
"6 s",-2,"Block",0.349620914424826,0.711096296295942,-1.26282743036802,0.411951439143243,-2.09111131236275,-0.434543548373291
"6 s",-2,"Block",0.35938943294334,0.720864814814455,-1.27075284322845,0.414862729822823,-2.10489026745309,-0.436615419003816
"6 s",-2,"Block",0.369157951461853,0.730633333332969,-1.27867825608889,0.417822414121345,-2.11876652443573,-0.438589987742049
"6 s",-2,"Block",0.378926469980367,0.740401851851482,-1.28660366894933,0.420829470986314,-2.13273803034703,-0.440469307551624
"6 s",-2,"Block",0.38869498849888,0.750170370369996,-1.29452908180976,0.423882892225367,-2.14680275808037,-0.442255405539151
"6 s",-2,"Block",0.398463507017394,0.75993888888851,-1.3024544946702,0.426981683160241,-2.16095870770108,-0.44395028163932
"6 s",-2,"Block",0.408232025535908,0.769707407407023,-1.31037990753063,0.430124863207942,-2.17520390761489,-0.445555907446376
"6 s",-2,"Block",0.418000544054421,0.779475925925537,-1.31830532039107,0.433311466392522,-2.189536415597,-0.447074225185139
"6 s",-2,"Block",0.427769062572935,0.789244444444051,-1.3262307332515,0.436540541790924,-2.20395431968845,-0.448507146814558
"6 s",-2,"Block",0.437537581091449,0.799012962962564,-1.33415614611194,0.439811153916403,-2.21845573896708,-0.449856553256799
"6 s",-2,"Block",0.447306099609962,0.808781481481078,-1.34208155897238,0.443122383043027,-2.23303882419996,-0.451124293744788
"6 s",-2,"Block",0.457074618128476,0.818549999999591,-1.35000697183281,0.446473325474739,-2.2477017583844,-0.452312185281225
"6 s",-2,"Block",0.466843136646989,0.828318518518105,-1.35793238469325,0.449863093762428,-2.26244275718435,-0.453422012202143
"6 s",-2,"Block",0.476611655165503,0.838087037036619,-1.36585779755368,0.453290816872371,-2.27726006926915,-0.454455525838214
"6 s",-2,"Block",0.486380173684017,0.847855555555132,-1.37378321041412,0.456755640309377,-2.29215197656106,-0.455414444267176
"6 s",-2,"Block",0.49614869220253,0.857624074073646,-1.38170862327456,0.460256726197808,-2.30711679439821,-0.456300452150903
"6 s",-2,"Block",0.505917210721044,0.86739259259216,-1.38963403613499,0.463793253323622,-2.32215287161909,-0.457115200650898
"6 s",-2,"Block",0.515685729239557,0.877161111110673,-1.39755944899543,0.467364417140396,-2.3372585905747,-0.457860307416157
"6 s",-2,"Block",0.525454247758071,0.886929629629187,-1.40548486185586,0.470969429742254,-2.3524323670741,-0.458537356637624
"6 s",-2,"Block",0.535222766276585,0.8966981481477,-1.4134102747163,0.474607519806412,-2.3676726502689,-0.459147899163695
"6 s",-2,"Block",0.544991284795098,0.906466666666214,-1.42133568757673,0.478277932508006,-2.38297792248199,-0.459693452671481
"6 s",-2,"Block",0.554759803313612,0.916235185184728,-1.42926110043717,0.48197992940968,-2.39834669898555,-0.460175501888794
"6 s",-2,"Block",0.564528321832126,0.926003703703241,-1.43718651329761,0.485712788328325,-2.41377752773312,-0.460595498862095
"6 s",-2,"Block",0.574296840350639,0.935772222221755,-1.44511192615804,0.4894758031812,-2.4292689890502,-0.460954863265884
"6 s",-2,"Block",0.584065358869153,0.945540740740268,-1.45303733901848,0.493268283813559,-2.44481969528768,-0.461254982749281
"6 s",-2,"Block",0.593833877387666,0.955309259258782,-1.46096275187891,0.497089555809772,-2.46042829044203,-0.461497213315797
"6 s",-2,"Block",0.60360239590618,0.965077777777296,-1.46888816473935,0.500938960289801,-2.47609344974617,-0.461682879732532
"6 s",-2,"Block",0.613370914424694,0.974846296295809,-1.47681357759979,0.504815853692795,-2.49181387923427,-0.461813275965303
"6 s",-2,"Block",0.623139432943207,0.984614814814323,-1.48473899046022,0.508719607549417,-2.50758831528404,-0.461889665636405
"6 s",-2,"Block",0.632907951461721,0.994383333332837,-1.49266440332066,0.512649608244432,-2.52341552413936,-0.461913282501957
"6 s",-2,"Random",-0.334175381871127,0.0272999999999883,-0.0777239347744877,0.3170912218449,-0.715278566753379,0.559830697204404
"6 s",-2,"Random",-0.324406863352614,0.037068518518502,-0.0944736469903622,0.313861704649278,-0.725534899445392,0.536587605464667
"6 s",-2,"Random",-0.3146383448341,0.0468370370370156,-0.111223359206237,0.310677722253316,-0.735882785988281,0.513436067575808
"6 s",-2,"Random",-0.304869826315586,0.0566055555555292,-0.127973071422111,0.307540688931668,-0.746325069971825,0.490378927127603
"6 s",-2,"Random",-0.295101307797073,0.0663740740740428,-0.144722783637986,0.304452055958767,-0.756864669378841,0.467419102102869
"6 s",-2,"Random",-0.285332789278559,0.0761425925925564,-0.16147249585386,0.301413311237865,-0.767504575839323,0.444559584131602
"6 s",-2,"Random",-0.275564270760046,0.08591111111107,-0.178222208069735,0.298425978745361,-0.778247853513188,0.421803437373719
"6 s",-2,"Random",-0.265795752241532,0.0956796296295837,-0.194971920285609,0.295491617772447,-0.789097637565505,0.399153796994287
"6 s",-2,"Random",-0.256027233723018,0.105448148148097,-0.211721632501484,0.292611821945607,-0.800057132197075,0.376613867194107
"6 s",-2,"Random",-0.246258715204505,0.115216666666611,-0.228471344717358,0.289788218007179,-0.811129608192581,0.354186918757864
"6 s",-2,"Random",-0.236490196685991,0.124985185185125,-0.245221056933233,0.287022464337068,-0.822318399948303,0.331876286081837
"6 s",-2,"Random",-0.226721678167477,0.134753703703638,-0.261970769149107,0.284316249196857,-0.83362690194166,0.309685363643445
"6 s",-2,"Random",-0.216953159648964,0.144522222222152,-0.278720481364982,0.281671288677979,-0.845058564605736,0.287617601875772
"6 s",-2,"Random",-0.20718464113045,0.154290740740665,-0.295470193580856,0.279089324336415,-0.856616889573514,0.265676502411802
"6 s",-2,"Random",-0.197416122611937,0.164059259259179,-0.312219905796731,0.276572120497526,-0.868305424258895,0.243865612665433
"6 s",-2,"Random",-0.187647604093423,0.173827777777693,-0.328969618012605,0.274121461216262,-0.880127755744765,0.222188519719554
"6 s",-2,"Random",-0.177879085574909,0.183596296296206,-0.34571933022848,0.271739146880014,-0.892087503952592,0.200648843495632
"6 s",-2,"Random",-0.168110567056396,0.19336481481472,-0.362469042444355,0.269426990444008,-0.904188314073168,0.179250229184459
"6 s",-2,"Random",-0.158342048537882,0.203133333333233,-0.379218754660229,0.26718681329222,-0.916433848244423,0.157996338923965
"6 s",-2,"Random",-0.148573530019369,0.212901851851747,-0.395968466876103,0.265020440720497,-0.928827776469628,0.136890842717421
"6 s",-2,"Random",-0.138805011500855,0.222670370370261,-0.412718179091978,0.262929697042803,-0.941373766777847,0.115937408593891
"6 s",-2,"Random",-0.129036492982341,0.232438888888774,-0.429467891307853,0.260916400326335,-0.954075474638181,0.0951396920224759
"6 s",-2,"Random",-0.119267974463828,0.242207407407288,-0.446217603523727,0.258982356766602,-0.966936531650096,0.0745013246026417
"6 s",-2,"Random",-0.109499455945314,0.251975925925802,-0.462967315739602,0.257129354719396,-0.979960533543909,0.0540259020647064
"6 s",-2,"Random",-0.0997309374268004,0.261744444444315,-0.479717027955476,0.255359158412893,-0.993151027538112,0.0337169716271596
"6 s",-2,"Random",-0.0899624189082868,0.271512962962829,-0.496466740171351,0.25367350136971,-1.00651149911353,0.0135780187708258
"6 s",-2,"Random",-0.0801939003897732,0.281281481481342,-0.513216452387225,0.252074079575615,-1.02004535827809,-0.00638754649635687
"6 s",-2,"Random",-0.0704253818712596,0.291049999999856,-0.5299661646031,0.250562544438545,-1.03375592541,-0.0261764037961953
"6 s",-2,"Random",-0.060656863352746,0.30081851851837,-0.546715876818974,0.249140495588414,-1.04764641678077,-0.0457853368571824
"6 s",-2,"Random",-0.0508883448342324,0.310587037036883,-0.563465589034849,0.247809473574886,-1.06171992987308,-0.0652112481966199
"6 s",-2,"Random",-0.0411198263157188,0.320355555555397,-0.580215301250723,0.246570952526412,-1.07597942862084,-0.084451173880605
"6 s",-2,"Random",-0.0313513077972051,0.33012407407391,-0.596965013466598,0.24542633283941,-1.09042772870977,-0.103502298223427
"6 s",-2,"Random",-0.0215827892786915,0.339892592592424,-0.613714725682472,0.244376933971106,-1.10506748308642,-0.122361968278525
"6 s",-2,"Random",-0.0118142707601779,0.349661111110938,-0.630464437898347,0.243423987413185,-1.11990116783078,-0.141027707965914
"6 s",-2,"Random",-0.00204575224166426,0.359429629629451,-0.647214150114221,0.242568629925737,-1.1349310685522,-0.159497231676246
"6 s",-2,"Random",0.00772276627684937,0.369198148147965,-0.663963862330096,0.241811897111913,-1.15015926747036,-0.177768457189829
"6 s",-2,"Random",0.017491284795363,0.378966666666479,-0.68071357454597,0.241154717413063,-1.16558763134172,-0.195839517750216
"6 s",-2,"Random",0.0272598033138766,0.388735185184992,-0.697463286761845,0.240597906601834,-1.18121780038712,-0.213708773136568
"6 s",-2,"Random",0.0370283218323902,0.398503703703506,-0.714212998977719,0.240142162846707,-1.19705117836837,-0.231374819587072
"6 s",-2,"Random",0.0467968403509038,0.408272222222019,-0.730962711193594,0.239788062415755,-1.21308892395008,-0.248836498437107
"6 s",-2,"Random",0.0565653588694174,0.418040740740533,-0.747712423409468,0.2395360560801,-1.22933194346834,-0.266092903350592
"6 s",-2,"Random",0.0663338773879311,0.427809259259047,-0.764462135625343,0.239386466268697,-1.24578088521003,-0.283143386040659
"6 s",-2,"Random",0.0761023959064447,0.43757777777756,-0.781211847841217,0.239339485015987,-1.26243613528625,-0.299987560396189
"6 s",-2,"Random",0.0858709144249583,0.447346296296074,-0.797961560057092,0.239395172732703,-1.27929781516092,-0.316625304953263
"6 s",-2,"Random",0.0956394329434719,0.457114814814587,-0.814711272272966,0.239553457818128,-1.29636578087117,-0.333056763674767
"6 s",-2,"Random",0.105407951461986,0.466883333333101,-0.831460984488841,0.239814137119607,-1.31363962395119,-0.349282345026496
"6 s",-2,"Random",0.115176469980499,0.476651851851615,-0.848210696704715,0.240176877232427,-1.33111867404588,-0.365302719363551
"6 s",-2,"Random",0.124944988499013,0.486420370370128,-0.86496040892059,0.240641216620755,-1.34880200317526,-0.381118814665917
"6 s",-2,"Random",0.134713507017526,0.496188888888642,-0.881710121136465,0.241206568528332,-1.3666884315868,-0.396731810686129
"6 s",-2,"Random",0.14448202553604,0.505957407407156,-0.898459833352339,0.241872224636496,-1.38477653511037,-0.412143131594305
"6 s",-2,"Random",0.154250544054554,0.515725925925669,-0.915209545568214,0.242637359417095,-1.40306465391039,-0.427354437226039
"6 s",-2,"Random",0.164019062573067,0.525494444444183,-0.931959257784088,0.243501035119139,-1.42155090251211,-0.442367613056068
"6 s",-2,"Random",0.173787581091581,0.535262962962696,-0.948708969999963,0.244462207320851,-1.44023318096481,-0.457184759035119
"6 s",-2,"Random",0.183556099610094,0.54503148148121,-0.965458682215837,0.245519730973239,-1.45910918699318,-0.471808177438492
"6 s",-2,"Random",0.193324618128608,0.554799999999724,-0.982208394431712,0.246672366857456,-1.47817642898075,-0.486240359882675
"6 s",-2,"Random",0.203093136647122,0.564568518518237,-0.998958106647586,0.247918788376044,-1.49743223962455,-0.500483973670625
"6 s",-2,"Random",0.212861655165635,0.574337037036751,-1.01570781886346,0.249257588597681,-1.51687379009956,-0.514541847627362
"6 s",-2,"Random",0.222630173684149,0.584105555555265,-1.03245753107934,0.250687287476079,-1.53649810457328,-0.528416957585392
"6 s",-2,"Random",0.232398692202663,0.593874074073778,-1.04920724329521,0.252206339166161,-1.55630207491586,-0.54211241167456
"6 s",-2,"Random",0.242167210721176,0.603642592592292,-1.06595695551108,0.253813139364332,-1.57628247545873,-0.555631435563436
"6 s",-2,"Random",0.25193572923969,0.613411111110805,-1.08270666772696,0.255506032604432,-1.5964359776641,-0.568977357789817
"6 s",-2,"Random",0.261704247758203,0.623179629629319,-1.09945637994283,0.25728331944655,-1.616759164579,-0.582153595306661
"6 s",-2,"Random",0.271472766276717,0.632948148147833,-1.11620609215871,0.259143263502087,-1.63724854496018,-0.595163639357236
"6 s",-2,"Random",0.281241284795231,0.642716666666346,-1.13295580437458,0.261084098245159,-1.65790056696928,-0.608011041779886
"6 s",-2,"Random",0.291009803313744,0.65248518518486,-1.14970551659046,0.26310403356726,-1.67871163135192,-0.62069940182899
"6 s",-2,"Random",0.300778321832258,0.662253703703373,-1.16645522880633,0.265201262039107,-1.69967810402797,-0.633232353584692
"6 s",-2,"Random",0.310546840350772,0.672022222221887,-1.18320494102221,0.267373964850369,-1.72079632803416,-0.645613554010254
"6 s",-2,"Random",0.320315358869285,0.681790740740401,-1.19995465323808,0.269620317404636,-1.74206263477352,-0.657846671702642
"6 s",-2,"Random",0.330083877387799,0.691559259258914,-1.21670436545395,0.271938494553171,-1.76347335453857,-0.66993537636934
"6 s",-2,"Random",0.339852395906312,0.701327777777428,-1.23345407766983,0.274326675456859,-1.78502482628689,-0.681883329052767
"6 s",-2,"Random",0.349620914424826,0.711096296295942,-1.2502037898857,0.27678304807101,-1.80671340665845,-0.693694173112954
"6 s",-2,"Random",0.35938943294334,0.720864814814455,-1.26695350210158,0.279305813252506,-1.82853547823357,-0.705371525969588
"6 s",-2,"Random",0.369157951461853,0.730633333332969,-1.28370321431745,0.281893188492923,-1.85048745703884,-0.716918971596062
"6 s",-2,"Random",0.378926469980367,0.740401851851482,-1.30045292653333,0.284543411284937,-1.87256579931579,-0.728340053750866
"6 s",-2,"Random",0.38869498849888,0.750170370369996,-1.3172026387492,0.287254742132362,-1.89476700757291,-0.73963826992549
"6 s",-2,"Random",0.398463507017394,0.75993888888851,-1.33395235096508,0.290025467216741,-1.91708763594726,-0.75081706598289
"6 s",-2,"Random",0.408232025535908,0.769707407407023,-1.35070206318095,0.292853900735413,-1.93952429490541,-0.761879831456494
"6 s",-2,"Random",0.418000544054421,0.779475925925537,-1.36745177539683,0.29573838692754,-1.96207365531706,-0.772829895476589
"6 s",-2,"Random",0.427769062572935,0.789244444444051,-1.3842014876127,0.298677301805743,-1.98473245193675,-0.783670523288651
"6 s",-2,"Random",0.437537581091449,0.799012962962564,-1.40095119982857,0.301669054611693,-2.00749748633049,-0.794404913326661
"6 s",-2,"Random",0.447306099609962,0.808781481481078,-1.41770091204445,0.304712089014475,-2.03036562928524,-0.805036194803657
"6 s",-2,"Random",0.457074618128476,0.818549999999591,-1.43445062426032,0.307804884070602,-2.05333382273917,-0.815567425781475
"6 s",-2,"Random",0.466843136646989,0.828318518518105,-1.4512003364762,0.31094595496447,-2.07639908127042,-0.826001591681975
"6 s",-2,"Random",0.476611655165503,0.838087037036619,-1.46795004869207,0.314133853547679,-2.09955849318148,-0.836341604202668
"6 s",-2,"Random",0.486380173684017,0.847855555555132,-1.48469976090795,0.317367168695128,-2.12280922121517,-0.846590300600729
"6 s",-2,"Random",0.49614869220253,0.857624074073646,-1.50144947312382,0.320644526495164,-2.14614850293696,-0.856750443310681
"6 s",-2,"Random",0.505917210721044,0.86739259259216,-1.5181991853397,0.323964590290285,-2.16957365081684,-0.866824719862555
"6 s",-2,"Random",0.515685729239557,0.877161111110673,-1.53494889755557,0.327326060584084,-2.19308205204215,-0.876815743068996
"6 s",-2,"Random",0.525454247758071,0.886929629629187,-1.55169860977144,0.330727674829212,-2.2166711680913,-0.886726051451586
"6 s",-2,"Random",0.535222766276585,0.8966981481477,-1.56844832198732,0.334168207110248,-2.24033853409616,-0.896558109878482
"6 s",-2,"Random",0.544991284795098,0.906466666666214,-1.58519803420319,0.337646467734399,-2.26408175801903,-0.906314310387362
"6 s",-2,"Random",0.554759803313612,0.916235185184728,-1.60194774641907,0.341161302742053,-2.2878985196686,-0.915996973169535
"6 s",-2,"Random",0.564528321832126,0.926003703703241,-1.61869745863494,0.344711593348252,-2.31178656957697,-0.925608347692917
"6 s",-2,"Random",0.574296840350639,0.935772222221755,-1.63544717085082,0.348296255325299,-2.33574372775823,-0.935150613943408
"6 s",-2,"Random",0.584065358869153,0.945540740740268,-1.65219688306669,0.35191423833579,-2.35976788236749,-0.944625883765894
"6 s",-2,"Random",0.593833877387666,0.955309259258782,-1.66894659528257,0.355564525224595,-2.3838569882773,-0.954036202287838
"6 s",-2,"Random",0.60360239590618,0.965077777777296,-1.68569630749844,0.359246131277461,-2.40800906558694,-0.963383549409941
"6 s",-2,"Random",0.613370914424694,0.974846296295809,-1.70244601971432,0.362958103453212,-2.43222219807871,-0.972669841349916
"6 s",-2,"Random",0.623139432943207,0.984614814814323,-1.71919573193019,0.366699519595787,-2.45649453163359,-0.981896932226794
"6 s",-2,"Random",0.632907951461721,0.994383333332837,-1.73594544414606,0.370469487631718,-2.48082427261764,-0.991066615674492
"8 s",0,"Block",-0.334175381871127,0.0272999999999883,-0.900967952389953,0.285779598427121,-1.47556634600742,-0.326369558772488
"8 s",0,"Block",-0.324406863352614,0.037068518518502,-0.928853370918538,0.285815781645616,-1.50352451577275,-0.354182226064324
"8 s",0,"Block",-0.3146383448341,0.0468370370370156,-0.956738789447123,0.285917231245296,-1.5316139123926,-0.381863666501646
"8 s",0,"Block",-0.304869826315586,0.0566055555555292,-0.984624207975708,0.28608387779288,-1.559834396262,-0.40941401968942
"8 s",0,"Block",-0.295101307797073,0.0663740740740428,-1.01250962650429,0.286315607447099,-1.58818573848773,-0.436833514520861
"8 s",0,"Block",-0.285332789278559,0.0761425925925564,-1.04039504503288,0.28661226234644,-1.61666762166794,-0.464122468397811
"8 s",0,"Block",-0.275564270760046,0.08591111111107,-1.06828046356146,0.286973641144342,-1.64527964096826,-0.491281286154666
"8 s",0,"Block",-0.265795752241532,0.0956796296295837,-1.09616588209005,0.287399499687617,-1.67402130548579,-0.518310458694311
"8 s",0,"Block",-0.256027233723018,0.105448148148097,-1.12405130061863,0.287889551832812,-1.70289203989055,-0.545210561346718
"8 s",0,"Block",-0.246258715204505,0.115216666666611,-1.15193671914722,0.288443470394211,-1.73189118633158,-0.571982251962861
"8 s",0,"Block",-0.236490196685991,0.124985185185125,-1.1798221376758,0.289060888216253,-1.76101800659313,-0.598626268758473
"8 s",0,"Block",-0.226721678167477,0.134753703703638,-1.20770755620439,0.28974139936232,-1.79027168448495,-0.625143427923825
"8 s",0,"Block",-0.216953159648964,0.144522222222152,-1.23559297473297,0.290484560411144,-1.81965132844882,-0.651534621017131
"8 s",0,"Block",-0.20718464113045,0.154290740740665,-1.26347839326156,0.291289891851451,-1.84915597436269,-0.677800812160428
"8 s",0,"Block",-0.197416122611937,0.164059259259179,-1.29136381179014,0.292156879565,-1.87878458852257,-0.703943035057718
"8 s",0,"Block",-0.187647604093423,0.173827777777693,-1.31924923031873,0.293084976387805,-1.90853607078153,-0.729962389855932
"8 s",0,"Block",-0.177879085574909,0.183596296296206,-1.34713464884731,0.294073603739057,-1.93840925782488,-0.755860039869751
"8 s",0,"Block",-0.168110567056396,0.19336481481472,-1.3750200673759,0.295122153307178,-1.96840292656022,-0.78163720819158
"8 s",0,"Block",-0.158342048537882,0.203133333333233,-1.40290548590448,0.29622998878238,-1.99851579760097,-0.807295174207995
"8 s",0,"Block",-0.148573530019369,0.212901851851747,-1.43079090443307,0.297396447625231,-2.02874653882233,-0.832835270043807
"8 s",0,"Block",-0.138805011500855,0.222670370370261,-1.45867632296165,0.298620842860906,-2.05909376896884,-0.858258876954474
"8 s",0,"Block",-0.129036492982341,0.232438888888774,-1.48656174149024,0.299902464889108,-2.08955606129346,-0.883567421687018
"8 s",0,"Block",-0.119267974463828,0.242207407407288,-1.51444716001882,0.301240583299996,-2.12013194720879,-0.908762372828855
"8 s",0,"Block",-0.109499455945314,0.251975925925802,-1.54233257854741,0.302634448686918,-2.15081991993177,-0.933845237163046
"8 s",0,"Block",-0.0997309374268004,0.261744444444315,-1.570217997076,0.304083294447264,-2.18161843810455,-0.958817556047443
"8 s",0,"Block",-0.0899624189082868,0.271512962962829,-1.59810341560458,0.305586338563297,-2.21252592937507,-0.983680901834089
"8 s",0,"Block",-0.0801939003897732,0.281281481481342,-1.62598883413317,0.307142785355438,-2.24354079392233,-1.008436874344
"8 s",0,"Block",-0.0704253818712596,0.291049999999856,-1.65387425266175,0.308751827201111,-2.2746614079123,-1.03308709741121
"8 s",0,"Block",-0.060656863352746,0.30081851851837,-1.68175967119034,0.310412646212919,-2.30588612687214,-1.05763321550853
"8 s",0,"Block",-0.0508883448342324,0.310587037036883,-1.70964508971892,0.312124415870568,-2.33721328897144,-1.0820768904664
"8 s",0,"Block",-0.0411198263157188,0.320355555555397,-1.73753050824751,0.313886302601647,-2.36864121820054,-1.10641979829448
"8 s",0,"Block",-0.0313513077972051,0.33012407407391,-1.76541592677609,0.315697467307035,-2.40016822743756,-1.13066362611463
"8 s",0,"Block",-0.0215827892786915,0.339892592592424,-1.79330134530468,0.317557066827325,-2.4317926213969,-1.15481006921246
"8 s",0,"Block",-0.0118142707601779,0.349661111110938,-1.82118676383326,0.319464255347333,-2.46351269945315,-1.17886082821337
"8 s",0,"Block",-0.00204575224166426,0.359429629629451,-1.84907218236185,0.321418185736326,-2.49532675833582,-1.20281760638787
"8 s",0,"Block",0.00772276627684937,0.369198148147965,-1.87695760089043,0.323418010822203,-2.52723309469124,-1.22668210708962
"8 s",0,"Block",0.017491284795363,0.378966666666479,-1.90484301941902,0.325462884598388,-2.55923000750918,-1.25045603132885
"8 s",0,"Block",0.0272598033138766,0.388735185184992,-1.9327284379476,0.327551963362716,-2.59131580041274,-1.27414107548246
"8 s",0,"Block",0.0370283218323902,0.398503703703506,-1.96061385647619,0.329684406788054,-2.62348878381097,-1.2977389291414
"8 s",0,"Block",0.0467968403509038,0.408272222222019,-1.98849927500477,0.331859378924818,-2.6557472769146,-1.32125127309494
"8 s",0,"Block",0.0565653588694174,0.418040740740533,-2.01638469353336,0.334076049135963,-2.68808960961591,-1.34467977745081
"8 s",0,"Block",0.0663338773879311,0.427809259259047,-2.04427011206194,0.336333592965343,-2.7205141242347,-1.36802609988918
"8 s",0,"Block",0.0761023959064447,0.43757777777756,-2.07215553059053,0.338631192940658,-2.75301917713277,-1.39129188404828
"8 s",0,"Block",0.0858709144249583,0.447346296296074,-2.10004094911911,0.340968039312489,-2.78560314019979,-1.41447875803844
"8 s",0,"Block",0.0956394329434719,0.457114814814587,-2.1279263676477,0.343343330731131,-2.81826440221418,-1.43758833308121
"8 s",0,"Block",0.105407951461986,0.466883333333101,-2.15581178617628,0.345756274863154,-2.85100137008282,-1.46062220226975
"8 s",0,"Block",0.115176469980499,0.476651851851615,-2.18369720470487,0.348206088949772,-2.88381246996367,-1.48358193944606
"8 s",0,"Block",0.124944988499013,0.486420370370128,-2.21158262323345,0.350692000309249,-2.916696148276,-1.50646909819091
"8 s",0,"Block",0.134713507017526,0.496188888888642,-2.23946804176204,0.353213246785652,-2.94965087260257,-1.5292852109215
"8 s",0,"Block",0.14448202553604,0.505957407407156,-2.26735346029062,0.355769077146363,-2.982675132489,-1.55203178809225
"8 s",0,"Block",0.154250544054554,0.515725925925669,-2.29523887881921,0.3583587514308,-3.0157674401448,-1.57471031749362
"8 s",0,"Block",0.164019062573067,0.525494444444183,-2.32312429734779,0.360981541252822,-3.04892633105148,-1.5973222636441
"8 s",0,"Block",0.173787581091581,0.535262962962696,-2.35100971587638,0.363636730059325,-3.08215036448248,-1.61986906727028
"8 s",0,"Block",0.183556099610094,0.54503148148121,-2.37889513440496,0.366323613347497,-3.11543812393994,-1.64235214486999
"8 s",0,"Block",0.193324618128608,0.554799999999724,-2.40678055293355,0.369041498843219,-3.14878821751347,-1.66477288835363
"8 s",0,"Block",0.203093136647122,0.564568518518237,-2.43466597146213,0.371789706642997,-3.18219927816546,-1.68713266475881
"8 s",0,"Block",0.212861655165635,0.574337037036751,-2.46255138999072,0.374567569321846,-3.21566996394805,-1.70943281603339
"8 s",0,"Block",0.222630173684149,0.584105555555265,-2.4904368085193,0.377374432009404,-3.24919895815612,-1.73167465888249
"8 s",0,"Block",0.232398692202663,0.593874074073778,-2.51832222704789,0.380209652436545,-3.28278496942104,-1.75385948467474
"8 s",0,"Block",0.242167210721176,0.603642592592292,-2.54620764557647,0.383072600954663,-3.31642673174944,-1.77598855940351
"8 s",0,"Block",0.25193572923969,0.613411111110805,-2.57409306410506,0.385962660529715,-3.35012300451123,-1.79806312369889
"8 s",0,"Block",0.261704247758203,0.623179629629319,-2.60197848263364,0.388879226713045,-3.38387257238093,-1.82008439288636
"8 s",0,"Block",0.271472766276717,0.632948148147833,-2.62986390116223,0.391821707590901,-3.41767424523617,-1.84205355708829
"8 s",0,"Block",0.281241284795231,0.642716666666346,-2.65774931969082,0.394789523714494,-3.45152685801709,-1.86397178136454
"8 s",0,"Block",0.291009803313744,0.65248518518486,-2.6856347382194,0.397782108012336,-3.48542927055004,-1.88584020588876
"8 s",0,"Block",0.300778321832258,0.662253703703373,-2.71352015674798,0.400798905686522,-3.51938036733906,-1.90765994615691
"8 s",0,"Block",0.310546840350772,0.672022222221887,-2.74140557527657,0.403839374094506,-3.5533790573282,-1.92943209322494
"8 s",0,"Block",0.320315358869285,0.681790740740401,-2.76929099380516,0.406902982617878,-3.58742427363763,-1.95115771397268
"8 s",0,"Block",0.330083877387799,0.691559259258914,-2.79717641233374,0.409989212519502,-3.62151497327644,-1.97283785139104
"8 s",0,"Block",0.339852395906312,0.701327777777428,-2.82506183086233,0.413097556790345,-3.65565013683464,-1.99447352489001
"8 s",0,"Block",0.349620914424826,0.711096296295942,-2.85294724939091,0.416227519987202,-3.68982876815691,-2.01606573062491
"8 s",0,"Block",0.35938943294334,0.720864814814455,-2.8808326679195,0.419378618062479,-3.72404989400033,-2.03761544183866
"8 s",0,"Block",0.369157951461853,0.730633333332969,-2.90871808644808,0.422550378187083,-3.7583125636783,-2.05912360921787
"8 s",0,"Block",0.378926469980367,0.740401851851482,-2.93660350497667,0.425742338567417,-3.79261584869254,-2.08059116126079
"8 s",0,"Block",0.38869498849888,0.750170370369996,-2.96448892350525,0.428954048257401,-3.8269588423552,-2.1020190046553
"8 s",0,"Block",0.398463507017394,0.75993888888851,-2.99237434203384,0.432185066966371,-3.86134065940258,-2.12340802466509
"8 s",0,"Block",0.408232025535908,0.769707407407023,-3.02025976056242,0.435434964863634,-3.89576043560213,-2.14475908552271
"8 s",0,"Block",0.418000544054421,0.779475925925537,-3.04814517909101,0.438703322380417,-3.9302173273543,-2.16607303082771
"8 s",0,"Block",0.427769062572935,0.789244444444051,-3.07603059761959,0.441989730009863,-3.96471051129037,-2.18735068394881
"8 s",0,"Block",0.437537581091449,0.799012962962564,-3.10391601614818,0.445293788105696,-3.99923918386765,-2.2085928484287
"8 s",0,"Block",0.447306099609962,0.808781481481078,-3.13180143467676,0.448615106680107,-4.03380256096309,-2.22980030839044
"8 s",0,"Block",0.457074618128476,0.818549999999591,-3.15968685320535,0.451953305201367,-4.06839987746637,-2.25097382894432
"8 s",0,"Block",0.466843136646989,0.828318518518105,-3.18757227173393,0.455308012391646,-4.10303038687338,-2.27211415659448
"8 s",0,"Block",0.476611655165503,0.838087037036619,-3.21545769026252,0.458678866025432,-4.13769336088092,-2.29322201964412
"8 s",0,"Block",0.486380173684017,0.847855555555132,-3.2433431087911,0.462065512728958,-4.17238808898341,-2.3142981285988
"8 s",0,"Block",0.49614869220253,0.857624074073646,-3.27122852731969,0.465467607780957,-4.20711387807228,-2.33534317656709
"8 s",0,"Block",0.505917210721044,0.86739259259216,-3.29911394584827,0.468884814915063,-4.2418700520387,-2.35635783965784
"8 s",0,"Block",0.515685729239557,0.877161111110673,-3.32699936437686,0.472316806124124,-4.27665595138009,-2.37734277737363
"8 s",0,"Block",0.525454247758071,0.886929629629187,-3.35488478290544,0.475763261466674,-4.311470932811,-2.39829863299988
"8 s",0,"Block",0.535222766276585,0.8966981481477,-3.38277020143403,0.479223868875784,-4.34631436887884,-2.41922603398922
"8 s",0,"Block",0.544991284795098,0.906466666666214,-3.41065561996261,0.482698323970466,-4.38118564758459,-2.44012559234063
"8 s",0,"Block",0.554759803313612,0.916235185184728,-3.4385410384912,0.486186329869806,-4.41608417200919,-2.46099790497321
"8 s",0,"Block",0.564528321832126,0.926003703703241,-3.46642645701978,0.489687597009973,-4.45100935994552,-2.48184355409404
"8 s",0,"Block",0.574296840350639,0.935772222221755,-3.49431187554837,0.493201842964202,-4.48596064353652,-2.50266310756022
"8 s",0,"Block",0.584065358869153,0.945540740740268,-3.52219729407695,0.496728792265882,-4.52093746891944,-2.52345711923446
"8 s",0,"Block",0.593833877387666,0.955309259258782,-3.55008271260554,0.50026817623482,-4.55593929587655,-2.54422612933452
"8 s",0,"Block",0.60360239590618,0.965077777777296,-3.57796813113412,0.503819732806743,-4.59096559749231,-2.56497066477593
"8 s",0,"Block",0.613370914424694,0.974846296295809,-3.60585354966271,0.507383206366112,-4.62601585981724,-2.58569123950818
"8 s",0,"Block",0.623139432943207,0.984614814814323,-3.63373896819129,0.510958347582275,-4.66108958153846,-2.60638835484413
"8 s",0,"Block",0.632907951461721,0.994383333332837,-3.66162438671988,0.514544913248995,-4.69618627365705,-2.6270624997827
"8 s",0,"Random",-0.334175381871127,0.0272999999999883,-1.1957345780283,0.259378149683371,-1.71724930114995,-0.674219854906656
"8 s",0,"Random",-0.324406863352614,0.037068518518502,-1.20844041319831,0.259162890458581,-1.7295223286407,-0.687358497755927
"8 s",0,"Random",-0.3146383448341,0.0468370370370156,-1.22114624836832,0.259000255364548,-1.74190116403783,-0.70039133269881
"8 s",0,"Random",-0.304869826315586,0.0566055555555292,-1.23385208353833,0.258890343576836,-1.7543860067472,-0.713318160329465
"8 s",0,"Random",-0.295101307797073,0.0663740740740428,-1.24655791870834,0.258833222261248,-1.76697699181468,-0.726138845601997
"8 s",0,"Random",-0.285332789278559,0.0761425925925564,-1.25926375387835,0.258828926368993,-1.77967418951441,-0.738853318242288
"8 s",0,"Random",-0.275564270760046,0.08591111111107,-1.27196958904836,0.258877458529877,-1.79247760513395,-0.751461572962761
"8 s",0,"Random",-0.265795752241532,0.0956796296295837,-1.28467542421837,0.258978789044253,-1.80538717895818,-0.763963669478558
"8 s",0,"Random",-0.256027233723018,0.105448148148097,-1.29738125938838,0.259132855973811,-1.81840278645175,-0.776359732324996
"8 s",0,"Random",-0.246258715204505,0.115216666666611,-1.31008709455838,0.259339565330548,-1.83152423863914,-0.788649950477625
"8 s",0,"Random",-0.236490196685991,0.124985185185125,-1.32279292972839,0.259598791362572,-1.84475128267922,-0.800834576777566
"8 s",0,"Random",-0.226721678167477,0.134753703703638,-1.3354987648984,0.259910376934734,-1.8580836026306,-0.81291392716621
"8 s",0,"Random",-0.216953159648964,0.144522222222152,-1.34820460006841,0.260274134001403,-1.87152082040218,-0.824888379734644
"8 s",0,"Random",-0.20718464113045,0.154290740740665,-1.36091043523842,0.260689844168088,-1.88506249688242,-0.836758373594419
"8 s",0,"Random",-0.197416122611937,0.164059259259179,-1.37361627040843,0.261157259338048,-1.8987081332394,-0.848524407577465
"8 s",0,"Random",-0.187647604093423,0.173827777777693,-1.38632210557844,0.261676102439478,-1.91245717238289,-0.860187038773985
"8 s",0,"Random",-0.177879085574909,0.183596296296206,-1.39902794074845,0.26224606822839,-1.92630900057874,-0.871746880918152
"8 s",0,"Random",-0.168110567056396,0.19336481481472,-1.41173377591846,0.262866824161892,-1.94026294920465,-0.88320460263226
"8 s",0,"Random",-0.158342048537882,0.203133333333233,-1.42443961108847,0.263538011336213,-1.95431829663623,-0.894560925540708
"8 s",0,"Random",-0.148573530019369,0.212901851851747,-1.43714544625848,0.264259245483502,-1.96847427025116,-0.905816622265792
"8 s",0,"Random",-0.138805011500855,0.222670370370261,-1.44985128142848,0.265030118021237,-1.98273004853924,-0.916972514317734
"8 s",0,"Random",-0.129036492982341,0.232438888888774,-1.46255711659849,0.265850197147884,-1.99708476330528,-0.928029469891704
"8 s",0,"Random",-0.119267974463828,0.242207407407288,-1.4752629517685,0.266719028978368,-2.0115375019522,-0.938988401584811
"8 s",0,"Random",-0.109499455945314,0.251975925925802,-1.48796878693851,0.267636138712872,-2.02608730983095,-0.949850264046071
"8 s",0,"Random",-0.0997309374268004,0.261744444444315,-1.50067462210852,0.268601031832502,-2.04073319264468,-0.96061605157236
"8 s",0,"Random",-0.0899624189082868,0.271512962962829,-1.51338045727853,0.269613195315457,-2.05547411889392,-0.971286795663141
"8 s",0,"Random",-0.0801939003897732,0.281281481481342,-1.52608629244854,0.270672098867456,-2.07030902235055,-0.981863562546529
"8 s",0,"Random",-0.0704253818712596,0.291049999999856,-1.53879212761855,0.271777196160374,-2.08523680454825,-0.992347450688842
"8 s",0,"Random",-0.060656863352746,0.30081851851837,-1.55149796278856,0.272927926073261,-2.10025633727775,-1.00273958829936
"8 s",0,"Random",-0.0508883448342324,0.310587037036883,-1.56420379795857,0.274123713930199,-2.11536646507567,-1.01304113084147
"8 s",0,"Random",-0.0411198263157188,0.320355555555397,-1.57690963312858,0.275363972729726,-2.13056600769645,-1.0232532585607
"8 s",0,"Random",-0.0313513077972051,0.33012407407391,-1.58961546829858,0.276648104360911,-2.14585376255749,-1.03337717403968
"8 s",0,"Random",-0.0215827892786915,0.339892592592424,-1.60232130346859,0.277975500801511,-2.16122850714811,-1.04341409978907
"8 s",0,"Random",-0.0118142707601779,0.349661111110938,-1.6150271386386,0.279345545293984,-2.17668900139418,-1.05336527588302
"8 s",0,"Random",-0.00204575224166426,0.359429629629451,-1.62773297380861,0.280757613495543,-2.19223398997038,-1.06323195764684
"8 s",0,"Random",0.00772276627684937,0.369198148147965,-1.64043880897862,0.2822110745988,-2.20786220455345,-1.07301541340379
"8 s",0,"Random",0.017491284795363,0.378966666666479,-1.65314464414863,0.283705292419938,-2.2235723660101,-1.08271692228716
"8 s",0,"Random",0.0272598033138766,0.388735185184992,-1.66585047931864,0.285239626451749,-2.23936318651428,-1.092337772123
"8 s",0,"Random",0.0370283218323902,0.398503703703506,-1.67855631448865,0.286813432879217,-2.25523337158913,-1.10187925738817
"8 s",0,"Random",0.0467968403509038,0.408272222222019,-1.69126214965866,0.288426065555743,-2.27118162206984,-1.11134267724748
"8 s",0,"Random",0.0565653588694174,0.418040740740533,-1.70396798482867,0.29007687693842,-2.28720663598414,-1.12072933367319
"8 s",0,"Random",0.0663338773879311,0.427809259259047,-1.71667381999868,0.291765218981129,-2.30330711034798,-1.13004052964937
"8 s",0,"Random",0.0761023959064447,0.43757777777756,-1.72937965516868,0.293490443984539,-2.31948174287457,-1.1392775674628
"8 s",0,"Random",0.0858709144249583,0.447346296296074,-1.74208549033869,0.295251905402412,-2.33572923359556,-1.14844174708182
"8 s",0,"Random",0.0956394329434719,0.457114814814587,-1.7547913255087,0.297048958603871,-2.35204828639373,-1.15753436462368
"8 s",0,"Random",0.105407951461986,0.466883333333101,-1.76749716067871,0.298880961591587,-2.36843761044691,-1.16655671091052
"8 s",0,"Random",0.115176469980499,0.476651851851615,-1.78020299584872,0.300747275676032,-2.38489592158375,-1.17551007011369
"8 s",0,"Random",0.124944988499013,0.486420370370128,-1.79290883101873,0.302647266106232,-2.40142194355187,-1.18439571848559
"8 s",0,"Random",0.134713507017526,0.496188888888642,-1.80561466618874,0.304580302657566,-2.41801440919975,-1.19321492317773
"8 s",0,"Random",0.14448202553604,0.505957407407156,-1.81832050135875,0.306545760177415,-2.4346720615738,-1.2019689411437
"8 s",0,"Random",0.154250544054554,0.515725925925669,-1.83102633652876,0.308543019089561,-2.45139365493255,-1.21065901812497
"8 s",0,"Random",0.164019062573067,0.525494444444183,-1.84373217169877,0.310571465858392,-2.46817795567996,-1.21928638771758
"8 s",0,"Random",0.173787581091581,0.535262962962696,-1.85643800686878,0.312630493414089,-2.48502374322036,-1.22785227051719
"8 s",0,"Random",0.183556099610094,0.54503148148121,-1.86914384203878,0.314719501540054,-2.50192981073739,-1.23635787334018
"8 s",0,"Random",0.193324618128608,0.554799999999724,-1.88184967720879,0.316837897223928,-2.5188949658998,-1.24480438851779
"8 s",0,"Random",0.203093136647122,0.564568518518237,-1.8945555123788,0.318985094973601,-2.53591803149679,-1.25319299326081
"8 s",0,"Random",0.212861655165635,0.574337037036751,-1.90726134754881,0.321160517099677,-2.55299784600599,-1.26152484909163
"8 s",0,"Random",0.222630173684149,0.584105555555265,-1.91996718271882,0.323363593965869,-2.57013326409689,-1.26980110134076
"8 s",0,"Random",0.232398692202663,0.593874074073778,-1.93267301788883,0.325593764208855,-2.58732315707286,-1.2780228787048
"8 s",0,"Random",0.242167210721176,0.603642592592292,-1.94537885305884,0.327850474929101,-2.6045664132549,-1.28619129286278
"8 s",0,"Random",0.25193572923969,0.613411111110805,-1.95808468822885,0.330133181854171,-2.62186193830993,-1.29430743814777
"8 s",0,"Random",0.261704247758203,0.623179629629319,-1.97079052339886,0.332441349476053,-2.63920865552691,-1.3023723912708
"8 s",0,"Random",0.271472766276717,0.632948148147833,-1.98349635856887,0.334774451163967,-2.65660550604371,-1.31038721109402
"8 s",0,"Random",0.281241284795231,0.642716666666346,-1.99620219373888,0.337131969254162,-2.6740514490276,-1.31835293845015
"8 s",0,"Random",0.291009803313744,0.65248518518486,-2.00890802890888,0.339513395118101,-2.69154546181235,-1.32627059600542
"8 s",0,"Random",0.300778321832258,0.662253703703373,-2.02161386407889,0.341918229210475,-2.7090865399948,-1.33414118816298
"8 s",0,"Random",0.310546840350772,0.672022222221887,-2.0343196992489,0.344345981098389,-2.72667369749354,-1.34196570100427
"8 s",0,"Random",0.320315358869285,0.681790740740401,-2.04702553441891,0.34679616947304,-2.74430596657235,-1.34974510226547
"8 s",0,"Random",0.330083877387799,0.691559259258914,-2.05973136958892,0.349268322145185,-2.76198239783113,-1.35748034134672
"8 s",0,"Random",0.339852395906312,0.701327777777428,-2.07243720475893,0.351761976025591,-2.77970206016656,-1.3651723493513
"8 s",0,"Random",0.349620914424826,0.711096296295942,-2.08514303992894,0.354276677091678,-2.79746404070508,-1.37282203915279
"8 s",0,"Random",0.35938943294334,0.720864814814455,-2.09784887509895,0.356811980341455,-2.81526744471021,-1.38043030548768
"8 s",0,"Random",0.369157951461853,0.730633333332969,-2.11055471026896,0.359367449735835,-2.83311139546661,-1.38799802507131
"8 s",0,"Random",0.378926469980367,0.740401851851482,-2.12326054543897,0.361942658130348,-2.85099503414275,-1.39552605673518
"8 s",0,"Random",0.38869498849888,0.750170370369996,-2.13596638060898,0.364537187197223,-2.86891751963428,-1.40301524158367
"8 s",0,"Random",0.398463507017394,0.75993888888851,-2.14867221577898,0.367150627338754,-2.88687802838983,-1.41046640316814
"8 s",0,"Random",0.408232025535908,0.769707407407023,-2.16137805094899,0.369782577592828,-2.90487575422101,-1.41788034767697
"8 s",0,"Random",0.418000544054421,0.779475925925537,-2.174083886119,0.372432645531414,-2.92290990809841,-1.4252578641396
"8 s",0,"Random",0.427769062572935,0.789244444444051,-2.18678972128901,0.375100447152809,-2.94097971793484,-1.43259972464318
"8 s",0,"Random",0.437537581091449,0.799012962962564,-2.19949555645902,0.377785606768341,-2.95908442835761,-1.43990668456043
"8 s",0,"Random",0.447306099609962,0.808781481481078,-2.21220139162903,0.380487756884222,-2.97722330047092,-1.44717948278713
"8 s",0,"Random",0.457074618128476,0.818549999999591,-2.22490722679904,0.383206538079176,-2.99539561160988,-1.45441884198819
"8 s",0,"Random",0.466843136646989,0.828318518518105,-2.23761306196905,0.385941598878437,-3.0136006550871,-1.46162546885099
"8 s",0,"Random",0.476611655165503,0.838087037036619,-2.25031889713906,0.388692595624664,-3.03183773993319,-1.46880005434493
"8 s",0,"Random",0.486380173684017,0.847855555555132,-2.26302473230907,0.391459192346291,-3.05010619063203,-1.4759432739861
"8 s",0,"Random",0.49614869220253,0.857624074073646,-2.27573056747908,0.394241060623774,-3.06840534685188,-1.48305578810627
"8 s",0,"Random",0.505917210721044,0.86739259259216,-2.28843640264908,0.397037879454195,-3.08673456317311,-1.49013824212506
"8 s",0,"Random",0.515685729239557,0.877161111110673,-2.30114223781909,0.399849335114598,-3.10509320881344,-1.49719126682474
"8 s",0,"Random",0.525454247758071,0.886929629629187,-2.3138480729891,0.402675121024463,-3.12348066735143,-1.50421547862677
"8 s",0,"Random",0.535222766276585,0.8966981481477,-2.32655390815911,0.405514937607633,-3.14189633644884,-1.51121147986938
"8 s",0,"Random",0.544991284795098,0.906466666666214,-2.33925974332912,0.40836849215403,-3.16033962757261,-1.51817985908563
"8 s",0,"Random",0.554759803313612,0.916235185184728,-2.35196557849913,0.411235498681433,-3.17880996571695,-1.52512119128131
"8 s",0,"Random",0.564528321832126,0.926003703703241,-2.36467141366914,0.414115677797587,-3.19730678912608,-1.53203603821219
"8 s",0,"Random",0.574296840350639,0.935772222221755,-2.37737724883915,0.41700875656288,-3.21582954901814,-1.53892494866016
"8 s",0,"Random",0.584065358869153,0.945540740740268,-2.39008308400916,0.419914468353808,-3.23437770931062,-1.54578845870769
"8 s",0,"Random",0.593833877387666,0.955309259258782,-2.40278891917917,0.422832552727412,-3.25295074634788,-1.55262709201045
"8 s",0,"Random",0.60360239590618,0.965077777777296,-2.41549475434918,0.42576275528688,-3.27154814863084,-1.55944136006751
"8 s",0,"Random",0.613370914424694,0.974846296295809,-2.42820058951918,0.428704827548453,-3.29016941654941,-1.56623176248896
"8 s",0,"Random",0.623139432943207,0.984614814814323,-2.44090642468919,0.43165852680979,-3.30881406211783,-1.57299878726056
"8 s",0,"Random",0.632907951461721,0.994383333332837,-2.4536122598592,0.434623616019914,-3.32748160871317,-1.57974291100524
"10 s",2,"Block",-0.334175381871127,0.0272999999999883,-1.0938873746424,0.371484663275603,-1.84080735054866,-0.346967398736134
"10 s",2,"Block",-0.324406863352614,0.037068518518502,-1.14173279883913,0.368183414504451,-1.88201516922255,-0.401450428455711
"10 s",2,"Block",-0.3146383448341,0.0468370370370156,-1.18957822303586,0.364996298179102,-1.92345246655894,-0.455703979512784
"10 s",2,"Block",-0.304869826315586,0.0566055555555292,-1.2374236472326,0.36192632945651,-1.96512530493722,-0.509721989527981
"10 s",2,"Block",-0.295101307797073,0.0663740740740428,-1.28526907142933,0.358976513889696,-2.00703972742674,-0.563498415431932
"10 s",2,"Block",-0.285332789278559,0.0761425925925564,-1.33311449562607,0.35614983700131,-2.04920173682311,-0.617027254429029
"10 s",2,"Block",-0.275564270760046,0.08591111111107,-1.3809599198228,0.353449253173412,-2.09161727330959,-0.670302566336012
"10 s",2,"Block",-0.265795752241532,0.0956796296295837,-1.42880534401954,0.350877673901816,-2.13429219084087,-0.723318497198204
"10 s",2,"Block",-0.256027233723018,0.105448148148097,-1.47665076821627,0.348437955478129,-2.17723223237612,-0.77606930405642
"10 s",2,"Block",-0.246258715204505,0.115216666666611,-1.52449619241301,0.346132886178027,-2.22044300411934,-0.828549380706672
"10 s",2,"Block",-0.236490196685991,0.124985185185125,-1.57234161660974,0.34396517304984,-2.26392994895598,-0.880753284263498
"10 s",2,"Block",-0.226721678167477,0.134753703703638,-1.62018704080647,0.341937428412867,-2.30769831930603,-0.932675762306916
"10 s",2,"Block",-0.216953159648964,0.144522222222152,-1.66803246500321,0.340052156189497,-2.35175314964287,-0.984311780363542
"10 s",2,"Block",-0.20718464113045,0.154290740740665,-1.71587788919994,0.338311738208668,-2.39609922895456,-1.03565654944533
"10 s",2,"Block",-0.197416122611937,0.164059259259179,-1.76372331339668,0.336718420629964,-2.44074107344762,-1.08670555334573
"10 s",2,"Block",-0.187647604093423,0.173827777777693,-1.81156873759341,0.335274300647139,-2.4856828998127,-1.13745457537412
"10 s",2,"Block",-0.177879085574909,0.183596296296206,-1.85941416179015,0.333981313636618,-2.53092859938493,-1.18789972419536
"10 s",2,"Block",-0.168110567056396,0.19336481481472,-1.90725958598688,0.332841220920092,-2.5764817135389,-1.23803745843486
"10 s",2,"Block",-0.158342048537882,0.203133333333233,-1.95510501018361,0.331855598310224,-2.62234541065834,-1.28786460970889
"10 s",2,"Block",-0.148573530019369,0.212901851851747,-2.00295043438035,0.331025825604619,-2.66852246501225,-1.33737840374845
"10 s",2,"Block",-0.138805011500855,0.222670370370261,-2.05079585857708,0.330353077185191,-2.71501523785375,-1.38657647930042
"10 s",2,"Block",-0.129036492982341,0.232438888888774,-2.09864128277382,0.329838313868103,-2.7618256610332,-1.43545690451444
"10 s",2,"Block",-0.119267974463828,0.242207407407288,-2.14648670697055,0.329482276133489,-2.80895522338569,-1.48401819055541
"10 s",2,"Block",-0.109499455945314,0.251975925925802,-2.19433213116729,0.329285478844694,-2.85640496011337,-1.53225930222121
"10 s",2,"Block",-0.0997309374268004,0.261744444444315,-2.24217755536402,0.32924820754406,-2.90417544533759,-1.58017966539046
"10 s",2,"Block",-0.0899624189082868,0.271512962962829,-2.29002297956076,0.329370516387088,-2.95226678794528,-1.62777917117623
"10 s",2,"Block",-0.0801939003897732,0.281281481481342,-2.33786840375749,0.329652227749701,-3.0006786307993,-1.67505817671568
"10 s",2,"Block",-0.0704253818712596,0.291049999999856,-2.38571382795422,0.330092933515256,-3.04941015332614,-1.72201750258231
"10 s",2,"Block",-0.060656863352746,0.30081851851837,-2.43355925215096,0.330691998019602,-3.09846007743737,-1.76865842686454
"10 s",2,"Block",-0.0508883448342324,0.310587037036883,-2.48140467634769,0.331448562604832,-3.14782667668556,-1.81498267600983
"10 s",2,"Block",-0.0411198263157188,0.320355555555397,-2.52925010054443,0.332361551706187,-3.19750778850281,-1.86099241258604
"10 s",2,"Block",-0.0313513077972051,0.33012407407391,-2.57709552474116,0.333429680372643,-3.24750082932194,-1.90669022016039
"10 s",2,"Block",-0.0215827892786915,0.339892592592424,-2.6249409489379,0.334651463100618,-3.2978028123378,-1.95207908553799
"10 s",2,"Block",-0.0118142707601779,0.349661111110938,-2.67278637313463,0.336025223842629,-3.34841036763108,-1.99716237863818
"10 s",2,"Block",-0.00204575224166426,0.359429629629451,-2.72063179733136,0.337549107038838,-3.39931976434867,-2.04194383031406
"10 s",2,"Block",0.00772276627684937,0.369198148147965,-2.7684772215281,0.339221089509581,-3.45052693461522,-2.08642750844098
"10 s",2,"Block",0.017491284795363,0.378966666666479,-2.81632264572483,0.341038993041178,-3.5020274988386,-2.13061779261107
"10 s",2,"Block",0.0272598033138766,0.388735185184992,-2.86416806992157,0.343000497495466,-3.55381679206836,-2.17451934777478
"10 s",2,"Block",0.0370283218323902,0.398503703703506,-2.9120134941183,0.345103154275438,-3.60588989107026,-2.21813709716635
"10 s",2,"Block",0.0467968403509038,0.408272222222019,-2.95985891831504,0.347344399984654,-3.65824164179032,-2.26147619483976
"10 s",2,"Block",0.0565653588694174,0.418040740740533,-3.00770434251177,0.349721570126387,-3.7108666868988,-2.30454199812474
"10 s",2,"Block",0.0663338773879311,0.427809259259047,-3.05554976670851,0.352231912699224,-3.76375949312603,-2.34734004029098
"10 s",2,"Block",0.0761023959064447,0.43757777777756,-3.10339519090524,0.354872601558595,-3.81691437812749,-2.38987600368299
"10 s",2,"Block",0.0858709144249583,0.447346296296074,-3.15124061510197,0.35764074942783,-3.87032553664435,-2.4321556935596
"10 s",2,"Block",0.0956394329434719,0.457114814814587,-3.19908603929871,0.360533420457463,-3.92398706575564,-2.47418501284178
"10 s",2,"Block",0.105407951461986,0.466883333333101,-3.24693146349544,0.36354764224698,-3.97789298904956,-2.51596993794132
"10 s",2,"Block",0.115176469980499,0.476651851851615,-3.29477688769218,0.366680417258738,-4.03203727957275,-2.5575164958116
"10 s",2,"Block",0.124944988499013,0.486420370370128,-3.34262231188891,0.369928733568871,-4.0864138814464,-2.59883074233143
"10 s",2,"Block",0.134713507017526,0.496188888888642,-3.39046773608565,0.37328957491446,-4.14101673006743,-2.63991874210386
"10 s",2,"Block",0.14448202553604,0.505957407407156,-3.43831316028238,0.37675993000967,-4.1958397708399,-2.68078654972487
"10 s",2,"Block",0.154250544054554,0.515725925925669,-3.48615858447912,0.380336801115915,-4.25087697640639,-2.72144019255184
"10 s",2,"Block",0.164019062573067,0.525494444444183,-3.53400400867585,0.384017211862184,-4.30612236237191,-2.76188565497979
"10 s",2,"Block",0.173787581091581,0.535262962962696,-3.58184943287258,0.387798214321375,-4.36157000153175,-2.80212886421342
"10 s",2,"Block",0.183556099610094,0.54503148148121,-3.62969485706932,0.39167689535689,-4.41721403663223,-2.84217567750641
"10 s",2,"Block",0.193324618128608,0.554799999999724,-3.67754028126605,0.395650382260778,-4.47304869170689,-2.88203187082522
"10 s",2,"Block",0.203093136647122,0.564568518518237,-3.72538570546279,0.399715847710484,-4.52906828204272,-2.92170312888285
"10 s",2,"Block",0.212861655165635,0.574337037036751,-3.77323112965952,0.403870514075792,-4.58526722283987,-2.96119503647917
"10 s",2,"Block",0.222630173684149,0.584105555555265,-3.82107655385626,0.408111657111018,-4.64164003663529,-3.00051307107722
"10 s",2,"Block",0.232398692202663,0.593874074073778,-3.86892197805299,0.412436609069904,-4.69818135956562,-3.03966259654036
"10 s",2,"Block",0.242167210721176,0.603642592592292,-3.91676740224972,0.416842761282218,-4.75488594654781,-3.07864885795164
"10 s",2,"Block",0.25193572923969,0.613411111110805,-3.96461282644646,0.421327566231797,-4.81174867545734,-3.11747697743558
"10 s",2,"Block",0.261704247758203,0.623179629629319,-4.01245825064319,0.425888539175872,-4.86876455038401,-3.15615195090238
"10 s",2,"Block",0.271472766276717,0.632948148147833,-4.06030367483993,0.430523259344986,-4.92592870404463,-3.19467864563523
"10 s",2,"Block",0.281241284795231,0.642716666666346,-4.10814909903666,0.435229370761929,-4.98323639942952,-3.2330617986438
"10 s",2,"Block",0.291009803313744,0.65248518518486,-4.1559945232334,0.440004582716752,-5.04068303075764,-3.27130601570915
"10 s",2,"Block",0.300778321832258,0.662253703703373,-4.20383994743013,0.444846669933342,-5.0982641238115,-3.30941577104876
"10 s",2,"Block",0.310546840350772,0.672022222221887,-4.25168537162687,0.449753472461245,-5.15597533571964,-3.34739540753409
"10 s",2,"Block",0.320315358869285,0.681790740740401,-4.2995307958236,0.454722895324432,-5.21381245425043,-3.38524913739677
"10 s",2,"Block",0.330083877387799,0.691559259258914,-4.34737622002033,0.459752907956703,-5.2717713966769,-3.42298104336377
"10 s",2,"Block",0.339852395906312,0.701327777777428,-4.39522164421707,0.46484154345129,-5.32984820826793,-3.46059508016621
"10 s",2,"Block",0.349620914424826,0.711096296295942,-4.4430670684138,0.469986897650172,-5.38803906045722,-3.49809507637039
"10 s",2,"Block",0.35938943294334,0.720864814814455,-4.49091249261054,0.475187128096513,-5.44634024873703,-3.53548473648405
"10 s",2,"Block",0.369157951461853,0.730633333332969,-4.53875791680727,0.480440452871648,-5.50474819031973,-3.57276764329481
"10 s",2,"Block",0.378926469980367,0.740401851851482,-4.58660334100401,0.485745149336089,-5.56325942160652,-3.60994726040149
"10 s",2,"Block",0.38869498849888,0.750170370369996,-4.63444876520074,0.491099552792188,-5.62187059549843,-3.64702693490305
"10 s",2,"Block",0.398463507017394,0.75993888888851,-4.68229418939748,0.496502055084325,-5.68057847858188,-3.68400990021307
"10 s",2,"Block",0.408232025535908,0.769707407407023,-4.73013961359421,0.501951103150847,-5.73937994821713,-3.72089927897129
"10 s",2,"Block",0.418000544054421,0.779475925925537,-4.77798503779094,0.507445197540453,-5.79827198955527,-3.75769808602662
"10 s",2,"Block",0.427769062572935,0.789244444444051,-4.82583046198768,0.512982890904277,-5.85725169250638,-3.79440923146898
"10 s",2,"Block",0.437537581091449,0.799012962962564,-4.87367588618441,0.518562786473607,-5.91631624867872,-3.83103552369011
"10 s",2,"Block",0.447306099609962,0.808781481481078,-4.92152131038115,0.524183536531965,-5.97546294830671,-3.86757967245559
"10 s",2,"Block",0.457074618128476,0.818549999999591,-4.96936673457788,0.52984384088915,-6.03468917718273,-3.90404429197303
"10 s",2,"Block",0.466843136646989,0.828318518518105,-5.01721215877462,0.535542445363856,-6.09399241360626,-3.94043190394297
"10 s",2,"Block",0.476611655165503,0.838087037036619,-5.06505758297135,0.541278140280534,-6.1533702253616,-3.9767449405811
"10 s",2,"Block",0.486380173684017,0.847855555555132,-5.11290300716808,0.547049758985352,-6.21282026673399,-4.01298574760218
"10 s",2,"Block",0.49614869220253,0.857624074073646,-5.16074843136482,0.552856176385353,-6.27234027557244,-4.04915658715719
"10 s",2,"Block",0.505917210721044,0.86739259259216,-5.20859385556155,0.55869630751425,-6.33192807040602,-4.08525964071709
"10 s",2,"Block",0.515685729239557,0.877161111110673,-5.25643927975829,0.564569106127677,-6.39158154761944,-4.12129701189714
"10 s",2,"Block",0.525454247758071,0.886929629629187,-5.30428470395502,0.570473563330216,-6.4512986786925,-4.15727072921754
"10 s",2,"Block",0.535222766276585,0.8966981481477,-5.35213012815176,0.576408706236007,-6.51107750750709,-4.19318274879643
"10 s",2,"Block",0.544991284795098,0.906466666666214,-5.39997555234849,0.582373596664361,-6.57091614772449,-4.22903495697249
"10 s",2,"Block",0.554759803313612,0.916235185184728,-5.44782097654523,0.588367329871419,-6.63081278023526,-4.26482917285519
"10 s",2,"Block",0.564528321832126,0.926003703703241,-5.49566640074196,0.594389033318571,-6.69076565068294,-4.30056715080097
"10 s",2,"Block",0.574296840350639,0.935772222221755,-5.54351182493869,0.600437865478078,-6.75077306706262,-4.33625058281477
"10 s",2,"Block",0.584065358869153,0.945540740740268,-5.59135724913543,0.606513014676089,-6.81083339739463,-4.37188110087623
"10 s",2,"Block",0.593833877387666,0.955309259258782,-5.63920267333216,0.612613697973045,-6.87094506747348,-4.40746027919085
"10 s",2,"Block",0.60360239590618,0.965077777777296,-5.6870480975289,0.61873916008126,-6.9311065586915,-4.44298963636629
"10 s",2,"Block",0.613370914424694,0.974846296295809,-5.73489352172563,0.62488867231935,-6.99131640593658,-4.47847063751469
"10 s",2,"Block",0.623139432943207,0.984614814814323,-5.78273894592237,0.631061531603013,-7.05157319556297,-4.51390469628177
"10 s",2,"Block",0.632907951461721,0.994383333332837,-5.8305843701191,0.637257059471579,-7.11187556343407,-4.54929317680413
"10 s",2,"Random",-0.334175381871127,0.0272999999999883,-2.31374522128212,0.337375983236185,-2.99208509956444,-1.63540534299979
"10 s",2,"Random",-0.324406863352614,0.037068518518502,-2.32240717940626,0.334654924677777,-2.99527600277352,-1.64953835603901
"10 s",2,"Random",-0.3146383448341,0.0468370370370156,-2.33106913753041,0.332095455847825,-2.99879180390711,-1.6633464711537
"10 s",2,"Random",-0.304869826315586,0.0566055555555292,-2.33973109565455,0.329701340027065,-3.00264006954825,-1.67682212176085
"10 s",2,"Random",-0.295101307797073,0.0663740740740428,-2.34839305377869,0.327476203828141,-3.00682809149039,-1.689958016067
"10 s",2,"Random",-0.285332789278559,0.0761425925925564,-2.35705501190284,0.325423513546453,-3.01136283918754,-1.70274718461814
"10 s",2,"Random",-0.275564270760046,0.08591111111107,-2.36571697002698,0.323546551366767,-3.01625091191446,-1.7151830281395
"10 s",2,"Random",-0.265795752241532,0.0956796296295837,-2.37437892815112,0.321848391748223,-3.02149849128556,-1.72725936501669
"10 s",2,"Random",-0.256027233723018,0.105448148148097,-2.38304088627527,0.320331878335092,-3.02711129483086,-1.73897047771967
"10 s",2,"Random",-0.246258715204505,0.115216666666611,-2.39170284439941,0.318999601757807,-3.03309453136195,-1.75031115743688
"10 s",2,"Random",-0.236490196685991,0.124985185185125,-2.40036480252355,0.31785387869707,-3.03945285887756,-1.76127674616955
"10 s",2,"Random",-0.226721678167477,0.134753703703638,-2.4090267606477,0.3168967325819,-3.04619034575442,-1.77186317554098
"10 s",2,"Random",-0.216953159648964,0.144522222222152,-2.41768871877184,0.316129876279635,-3.05331043594313,-1.78206700160056
"10 s",2,"Random",-0.20718464113045,0.154290740740665,-2.42635067689599,0.315554697111692,-3.06081591884034,-1.79188543495163
"10 s",2,"Random",-0.197416122611937,0.164059259259179,-2.43501263502013,0.315172244493557,-3.06870890443732,-1.80131636560294
"10 s",2,"Random",-0.187647604093423,0.173827777777693,-2.44367459314427,0.314983220451727,-3.07699080425293,-1.81035838203561
"10 s",2,"Random",-0.177879085574909,0.183596296296206,-2.45233655126842,0.314987973215419,-3.08566231844895,-1.81901078408788
"10 s",2,"Random",-0.168110567056396,0.19336481481472,-2.46099850939256,0.315186494018627,-3.09472342940013,-1.82727358938499
"10 s",2,"Random",-0.158342048537882,0.203133333333233,-2.4696604675167,0.315578417180788,-3.10417340185644,-1.83514753317697
"10 s",2,"Random",-0.148573530019369,0.212901851851747,-2.47832242564085,0.316163023464303,-3.11401078969374,-1.84263406158795
"10 s",2,"Random",-0.138805011500855,0.222670370370261,-2.48698438376499,0.316939246637314,-3.12423344910921,-1.84973531842077
"10 s",2,"Random",-0.129036492982341,0.232438888888774,-2.49564634188914,0.317905683102941,-3.13483855798218,-1.85645412579609
"10 s",2,"Random",-0.119267974463828,0.242207407407288,-2.50430830001328,0.319060604394287,-3.14582264099703,-1.86279395902953
"10 s",2,"Random",-0.109499455945314,0.251975925925802,-2.51297025813742,0.320401972280023,-3.15718160001499,-1.86875891625985
"10 s",2,"Random",-0.0997309374268004,0.261744444444315,-2.52163221626157,0.321927456180099,-3.16891074909083,-1.87435368343231
"10 s",2,"Random",-0.0899624189082868,0.271512962962829,-2.53029417438571,0.323634452556324,-3.18100485346015,-1.87958349531127
"10 s",2,"Random",-0.0801939003897732,0.281281481481342,-2.53895613250985,0.325520105918904,-3.19345817177592,-1.88445409324378
"10 s",2,"Random",-0.0704253818712596,0.291049999999856,-2.547618090634,0.327581331077731,-3.20626450084769,-1.8889716804203
"10 s",2,"Random",-0.060656863352746,0.30081851851837,-2.55628004875814,0.329814836265808,-3.21941722213432,-1.89314287538196
"10 s",2,"Random",-0.0508883448342324,0.310587037036883,-2.56494200688228,0.332217146770914,-3.23290934925863,-1.89697466450593
"10 s",2,"Random",-0.0411198263157188,0.320355555555397,-2.57360396500643,0.334784628729206,-3.24673357584769,-1.90047435416516
"10 s",2,"Random",-0.0313513077972051,0.33012407407391,-2.58226592313057,0.337513512759531,-3.26088232305273,-1.90364952320841
"10 s",2,"Random",-0.0215827892786915,0.339892592592424,-2.59092788125472,0.340399917148029,-3.27534778616495,-1.90650797634448
"10 s",2,"Random",-0.0118142707601779,0.349661111110938,-2.59958983937886,0.343439870327649,-3.29012197981359,-1.90905769894413
"10 s",2,"Random",-0.00204575224166426,0.359429629629451,-2.608251797503,0.346629332434721,-3.30519678130834,-1.91130681369767
"10 s",2,"Random",0.00772276627684937,0.369198148147965,-2.61691375562715,0.349964215763254,-3.32056397176545,-1.91326353948884
"10 s",2,"Random",0.017491284795363,0.378966666666479,-2.62557571375129,0.35344040397586,-3.3362152747339,-1.91493615276868
"10 s",2,"Random",0.0272598033138766,0.388735185184992,-2.63423767187543,0.357053769966974,-3.3521423921118,-1.91633295163907
"10 s",2,"Random",0.0370283218323902,0.398503703703506,-2.64289962999958,0.360800192308457,-3.36833703721247,-1.91746222278669
"10 s",2,"Random",0.0467968403509038,0.408272222222019,-2.65156158812372,0.364675570239071,-3.38479096490283,-1.91833221134461
"10 s",2,"Random",0.0565653588694174,0.418040740740533,-2.66022354624786,0.368675837187282,-3.40149599879283,-1.9189510937029
"10 s",2,"Random",0.0663338773879311,0.427809259259047,-2.66888550437201,0.372796972841085,-3.41844405550339,-1.91932695324063
"10 s",2,"Random",0.0761023959064447,0.43757777777756,-2.67754746249615,0.37703501379897,-3.43562716608169,-1.91946775891061
"10 s",2,"Random",0.0858709144249583,0.447346296296074,-2.6862094206203,0.381386062852963,-3.45303749466592,-1.91938134657467
"10 s",2,"Random",0.0956394329434719,0.457114814814587,-2.69487137874444,0.385846296967794,-3.47066735452849,-1.91907540296039
"10 s",2,"Random",0.105407951461986,0.466883333333101,-2.70353333686858,0.390411974030273,-3.48850922164654,-1.91855745209063
"10 s",2,"Random",0.115176469980499,0.476651851851615,-2.71219529499273,0.395079438449852,-3.50655574596266,-1.91783484402279
"10 s",2,"Random",0.124944988499013,0.486420370370128,-2.72085725311687,0.399845125695772,-3.52479976050742,-1.91691474572632
"10 s",2,"Random",0.134713507017526,0.496188888888642,-2.72951921124101,0.404705565858273,-3.54323428855964,-1.91580413392239
"10 s",2,"Random",0.14448202553604,0.505957407407156,-2.73818116936516,0.409657386321598,-3.56185254902086,-1.91450978970945
"10 s",2,"Random",0.154250544054554,0.515725925925669,-2.7468431274893,0.414697313635141,-3.58064796017751,-1.91303829480109
"10 s",2,"Random",0.164019062573067,0.525494444444183,-2.75550508561345,0.419822174666539,-3.59961414201938,-1.91139602920751
"10 s",2,"Random",0.173787581091581,0.535262962962696,-2.76416704373759,0.425028897116963,-3.61874491727565,-1.90958917019953
"10 s",2,"Random",0.183556099610094,0.54503148148121,-2.77282900186173,0.430314509474597,-3.63803431132138,-1.90762369240209
"10 s",2,"Random",0.193324618128608,0.554799999999724,-2.78149095998588,0.435676140477585,-3.65747655109769,-1.90550536887407
"10 s",2,"Random",0.203093136647122,0.564568518518237,-2.79015291811002,0.441111018152694,-3.67706606317884,-1.9032397730412
"10 s",2,"Random",0.212861655165635,0.574337037036751,-2.79881487623416,0.446616468490751,-3.69679747110905,-1.90083228135927
"10 s",2,"Random",0.222630173684149,0.584105555555265,-2.80747683435831,0.45218991381473,-3.71666559212131,-1.8982880765953
"10 s",2,"Random",0.232398692202663,0.593874074073778,-2.81613879248245,0.457828870891273,-3.7366654333403,-1.8956121516246
"10 s",2,"Random",0.242167210721176,0.603642592592292,-2.82480075060659,0.463530948831427,-3.7567921875616,-1.89280931365159
"10 s",2,"Random",0.25193572923969,0.613411111110805,-2.83346270873074,0.46929384682172,-3.77704122868967,-1.88988418877181
"10 s",2,"Random",0.261704247758203,0.623179629629319,-2.84212466685488,0.475115351722163,-3.79740810690832,-1.88684122680144
"10 s",2,"Random",0.271472766276717,0.632948148147833,-2.85078662497903,0.480993335563604,-3.81788854364882,-1.88368470630923
"10 s",2,"Random",0.281241284795231,0.642716666666346,-2.85944858310317,0.486925752972986,-3.838478426413,-1.88041873979333
"10 s",2,"Random",0.291009803313744,0.65248518518486,-2.86811054122731,0.492910638551449,-3.85917380350161,-1.87704727895301
"10 s",2,"Random",0.300778321832258,0.662253703703373,-2.87677249935146,0.498946104226966,-3.8799708786914,-1.87357412001152
"10 s",2,"Random",0.310546840350772,0.672022222221887,-2.8854344574756,0.505030336600205,-3.90086600589864,-1.87000290905256
"10 s",2,"Random",0.320315358869285,0.681790740740401,-2.89409641559974,0.511161594299637,-3.92185568386121,-1.86633714733828
"10 s",2,"Random",0.330083877387799,0.691559259258914,-2.90275837372389,0.51733820535947,-3.94293655086658,-1.86258019658119
"10 s",2,"Random",0.339852395906312,0.701327777777428,-2.91142033184803,0.523558564631837,-3.96410537954865,-1.85873528414741
"10 s",2,"Random",0.349620914424826,0.711096296295942,-2.92008228997217,0.529821131242726,-3.98535907177259,-1.85480550817176
"10 s",2,"Random",0.35938943294334,0.720864814814455,-2.92874424809632,0.536124426099459,-4.00669465362324,-1.8507938425694
"10 s",2,"Random",0.369157951461853,0.730633333332969,-2.93740620622046,0.542467029455992,-4.02810927050985,-1.84670314193108
"10 s",2,"Random",0.378926469980367,0.740401851851482,-2.94606816434461,0.548847578541003,-4.04960018239704,-1.84253614629217
"10 s",2,"Random",0.38869498849888,0.750170370369996,-2.95473012246875,0.555264765252593,-4.07116475916967,-1.83829548576782
"10 s",2,"Random",0.398463507017394,0.75993888888851,-2.96339208059289,0.561717333922404,-4.0928004761373,-1.83398368504849
"10 s",2,"Random",0.408232025535908,0.769707407407023,-2.97205403871704,0.5682040791511,-4.11450490968211,-1.82960316775196
"10 s",2,"Random",0.418000544054421,0.779475925925537,-2.98071599684118,0.57472384371643,-4.13627573305283,-1.82515626062953
"10 s",2,"Random",0.427769062572935,0.789244444444051,-2.98937795496532,0.581275516554417,-4.15811071230562,-1.82064519762503
"10 s",2,"Random",0.437537581091449,0.799012962962564,-2.99803991308947,0.587858030813736,-4.1800077023921,-1.81607212378683
"10 s",2,"Random",0.447306099609962,0.808781481481078,-3.00670187121361,0.594470361982818,-4.20196464339372,-1.8114390990335
"10 s",2,"Random",0.457074618128476,0.818549999999591,-3.01536382933775,0.601111526088913,-4.22397955690067,-1.80674810177484
"10 s",2,"Random",0.466843136646989,0.828318518518105,-3.0240257874619,0.607780577967972,-4.24605054253325,-1.80200103239055
"10 s",2,"Random",0.476611655165503,0.838087037036619,-3.03268774558604,0.614476609603981,-4.2681757746029,-1.79719971656918
"10 s",2,"Random",0.486380173684017,0.847855555555132,-3.04134970371019,0.621198748536171,-4.29035349890969,-1.79234590851068
"10 s",2,"Random",0.49614869220253,0.857624074073646,-3.05001166183433,0.627946156332363,-4.31258202967272,-1.78744129399594
"10 s",2,"Random",0.505917210721044,0.86739259259216,-3.05867361995847,0.634718027126575,-4.33485974658984,-1.7824874933271
"10 s",2,"Random",0.515685729239557,0.877161111110673,-3.06733557808262,0.641513586218947,-4.3571850920226,-1.77748606414263
"10 s",2,"Random",0.525454247758071,0.886929629629187,-3.07599753620676,0.64833208873595,-4.37955656830238,-1.77243850411114
"10 s",2,"Random",0.535222766276585,0.8966981481477,-3.0846594943309,0.655172818348811,-4.40197273515365,-1.76734625350816
"10 s",2,"Random",0.544991284795098,0.906466666666214,-3.09332145245505,0.662035086048096,-4.4244322072301,-1.76221069768
"10 s",2,"Random",0.554759803313612,0.916235185184728,-3.10198341057919,0.668918228972329,-4.4469336517594,-1.75703316939898
"10 s",2,"Random",0.564528321832126,0.926003703703241,-3.11064536870334,0.675821609288593,-4.46947578629252,-1.75181495111415
"10 s",2,"Random",0.574296840350639,0.935772222221755,-3.11930732682748,0.682744613123057,-4.49205737655341,-1.74655727710155
"10 s",2,"Random",0.584065358869153,0.945540740740268,-3.12796928495162,0.689686649539384,-4.51467723438491,-1.74126133551834
"10 s",2,"Random",0.593833877387666,0.955309259258782,-3.13663124307577,0.69664714956307,-4.53733421578712,-1.73592827036441
"10 s",2,"Random",0.60360239590618,0.965077777777296,-3.14529320119991,0.703625565249743,-4.56002721904404,-1.73055918335578
"10 s",2,"Random",0.613370914424694,0.974846296295809,-3.15395515932405,0.710621368795556,-4.58275518293491,-1.7251551357132
"10 s",2,"Random",0.623139432943207,0.984614814814323,-3.1626171174482,0.717634051687837,-4.60551708502647,-1.71971714986993
"10 s",2,"Random",0.632907951461721,0.994383333332837,-3.17127907557234,0.724663123894209,-4.62831194004259,-1.71424621110209
