ParticipantID,BlockNumber,SubjectiveBlockTotalTime,ResponseTimeSubjectiveBlockTotalTime,ResponseTimeFirstAttemptSubjectiveBlockTotalTime,AttemptsAnswerSubjectiveBlockTotalTime,ConfidenceSubjectiveBlockTotalTime,ResponseTimeConfidenceSubjectiveBlockTotalTime,LevelBoredom,ResponseTimeLevelBoredom,TotalObjectiveBlockTime
0,1,11,39.132700000000185,,,3,10.62810000000056,3,18.188700000000185,494.7525999999996
0,2,10,6.714099999999627,6.714099999999627,1.0,2,10.518399999999442,2,12.326299999999812,509.7247000000002
0,3,9,3.886800000000745,3.886800000000745,1.0,3,5.759,3,7.6625,428.6500999999996
1,1,16,21.331899999856947,,,2,23.989599999904637,4,27.790200000047683,409.082899999857
1,2,11,8.320900000095367,8.320900000095367,1.0,3,10.5945,4,14.5945,400.37890000009537
1,3,9,4.275100000143051,4.275100000143051,1.0,3,5.975600000143051,4,7.8155,360.62
2,2,7,11.65020000000298,11.65020000000298,1.0,3,19.42379999999702,3,23.64740000000596,482.157900000006
2,3,7,7.02379999999702,7.02379999999702,1.0,3,9.54570000000298,3,11.40509999999404,424.8038999999911
3,1,8,12.525199999809264,,,2,14.774199999809266,3,16.786,374.0783000001907
3,2,7,5.423900000095367,5.423900000095367,1.0,3,7.646300000190735,3,9.758,367.0745999999047
3,3,5,8.5985,4.7986000003814695,3.0,2,10.659900000095368,3,12.283800000190736,363.8349000000954
4,1,14,13.5965,,,3,17.809799999952315,4,20.52879999995232,517.1232000000476
4,2,12,3.594899999976158,3.594899999976158,1.0,3,6.359600000023842,4,8.393700000047684,459.6253000000716
4,3,8,30.720599999904632,30.720599999904632,1.0,2,32.9325,5,34.73379999995232,481.99360000002383
5,1,15,4.85560000000894,,,2,6.8732000000029805,2,8.57310000000894,382.43560000000895
5,2,15,2.99779999999702,2.99779999999702,1.0,3,3.99629999999702,2,7.15440000000596,411.4386999999881
5,3,15,5.077099999994039,3.39770000000298,2.0,2,6.21070000000298,2,7.6775,435.5225
6,1,8,16.672199999999254,,,2,19.946599999999627,3,21.182599999999628,384.2416999999992
6,2,7,4.441199999999255,4.441199999999255,1.0,2,6.358799999998882,3,11.037,397.9915
6,3,7,4.729,4.729,1.0,2,6.727,3,7.643,468.8154000000004
7,1,12,20.023400000095368,,,2,14.182400000095368,3,24.64680000007153,393.19039999997614
7,2,10,8.900300000071526,8.900300000071526,1.0,3,11.263900000095369,4,15.759800000071523,393.8362999999523
7,3,10,2.793800000071525,2.793800000071525,1.0,3,5.058700000047684,4,7.110600000023842,348.49969999992845
8,1,20,15.491100000143051,,,3,18.87780000019073,4,22.20710000014305,462.0515
8,2,15,3.7239000000953673,3.7239000000953673,1.0,4,12.014299999952316,5,13.5375,438.81690000009536
8,3,15,2.1967000000476835,2.1967000000476835,1.0,4,3.4862999999523163,5,5.416,404.17540000009535
9,1,12,9.772899999856948,,,2,11.82339999985695,4,13.805399999856949,434.74809999990464
9,2,9,3.8463999998569487,3.8463999998569487,1.0,3,6.495299999952317,4,10.864,412.3627000000477
9,3,9,6.4548999998569485,6.4548999998569485,1.0,3,9.371599999904632,4,10.473,455.534
10,1,15,26.01090000000596,,,2,29.06840000000596,4,46.00370000001788,384.2106999999881
10,2,15,9.63440000000596,8.56259999999404,2.0,2,12.10079999998212,3,14.250299999982118,379.4145
10,3,15,3.0144000000059603,3.0144000000059603,1.0,2,4.915400000005961,3,5.899,372.0302999999821
11,1,7,31.91139999999851,,,3,34.25260000000149,3,37.00269999999553,455.5808999999985
11,2,8,4.32070000000298,4.32070000000298,1.0,2,7.05,3,8.85040000000596,455.885299999997
11,3,7,5.0855,2.70089999999851,2.0,2,10.26829999999702,3,12.65179999999702,452.13369999999554
12,1,50,21.470900000000373,,,3,22.875799999998883,3,30.719699999999253,744.2166000000014
12,2,12,8.88089999999851,3.78489999999851,3.0,4,11.01839999999851,4,11.88029999999702,451.51009999999775
12,3,10,7.283099999997765,7.283099999997765,1.0,4,9.685199999999256,4,10.591800000000744,422.38940000000224
13,1,15,24.02260000014305,,,4,34.31640000009537,2,35.4535,465.7025
13,2,13,5.0475,5.0475,1.0,4,7.293299999952317,2,9.675599999904632,471.0612000000477
13,3,17,3.5268000001907347,3.5268000001907347,1.0,4,8.819700000047684,2,10.282900000095369,1067.9125999999046
14,1,12,31.843,,,3,48.89410000000056,3,40.51440000000037,434.2985999999996
14,2,9,6.120199999999255,6.120199999999255,1.0,4,11.113699999999255,3,13.354699999999257,424.3379000000004
14,3,9,3.4675,3.4675,1.0,4,6.5575,3,9.417699999999256,440.0335
15,1,6,24.99510000000149,,,3,33.49580000000447,4,42.19790000000596,371.2383000000045
15,2,8,12.05979999999702,12.05979999999702,1.0,3,15.99679999999702,4,19.1495,409.3416000000015
15,3,9,10.79710000000149,10.79710000000149,1.0,3,18.92930000000447,4,22.2415,483.3506000000015
16,1,8,18.81159999996424,,,3,23.6015,4,29.3015,402.3097999999523
16,2,7,7.976199999988079,7.976199999988079,1.0,3,15.554099999964237,4,26.256,450.935
16,3,11,4.349200000047683,4.349200000047683,1.0,3,7.052700000047683,4,13.307100000023842,512.9519000000357
17,1,15,7.438800000000047,,,3,9.397199999999954,1,11.705199999999952,462.5242999999999
17,2,10,5.852100000000093,5.852100000000093,1.0,3,9.163,1,11.577100000000094,495.35940000000016
17,3,8,4.384200000000186,4.384200000000186,1.0,3,6.655300000000279,1,8.864100000000093,374.3455
18,1,5,10.38559999999404,,,3,12.79290000000596,4,15.77409999999404,484.4305
18,2,7,5.822600000023842,5.822600000023842,1.0,3,8.861100000023843,4,10.46120000001788,588.6848000000119
18,3,6,3.5955,3.5955,1.0,3,5.051399999976158,4,6.74759999999404,383.367900000006
19,1,15,107.63589999985696,,,2,119.11,3,123.806,567.6892000000477
19,2,13,10.815700000047684,9.714100000143052,2.0,3,13.022400000095368,2,16.478299999952316,560.9287000000477
19,3,9,14.648,3.7879000000953673,3.0,4,9.74210000014305,3,18.166200000047684,372.1920999999047
20,2,5,3.386,3.386,1.0,3,6.10889999999851,4,8.27689999999851,355.663
20,3,7,3.251,3.251,1.0,3,5.06960000000149,4,7.11770000000298,512.3193999999985
21,1,7,17.758,,,3,19.75729999999702,3,23.58139999999851,341.8495
21,2,10,5.759300000004471,4.174900000005961,2.0,2,7.446800000004471,2,8.31890000000596,477.807299999997
21,3,8,2.94410000000149,2.94410000000149,1.0,3,4.32689999999851,2,5.11110000000149,394.360200000003
22,1,10,10.779,,,2,12.096799999952315,3,15.445099999964237,448.2240999999642
22,2,10,5.789699999988079,5.789699999988079,1.0,2,7.063699999988079,3,8.75369999998808,389.859
22,3,10,2.350899999976158,2.350899999976158,1.0,2,3.480800000011921,3,5.450399999976158,324.5959000000358
23,1,10,23.95330000001192,,,3,20.63319999998808,3,17.071400000005962,371.905800000012
23,2,10,5.2685,5.2685,1.0,3,6.448299999982119,2,8.175399999976158,548.030599999994
23,3,8,2.3381000000238417,2.3381000000238417,1.0,4,3.539300000011921,2,5.416200000017882,448.6217000000179
24,1,18,12.3765,,,3,14.47909999999404,3,17.38959999999404,384.86689999997617
24,2,19,6.074,4.5955,2.0,2,7.971299999982119,2,11.19679999998212,462.1828000000119
24,3,17,8.048100000023842,3.708600000023842,3.0,3,9.6965,2,10.958,311.94640000000595
25,2,10,2.584699999809265,2.584699999809265,1.0,4,5.382599999904633,2,9.91639999985695,352.4942999999523
25,3,10,2.788700000047684,2.788700000047684,1.0,4,3.8420999999046326,2,8.090099999904632,411.9862000000477
26,1,9,8.0605,,,3,12.726300000000744,1,16.34910000000149,471.466
26,2,8,3.838200000001117,3.838200000001117,1.0,2,6.190200000001117,1,7.253400000000372,478.8710999999996
26,3,10,5.261599999999628,5.261599999999628,1.0,2,9.910299999998882,1,10.926199999999255,530.5432000000011
27,1,18,20.61129999999981,,,3,22.17279999999981,4,27.034599999999628,425.67500000000047
27,2,12,5.897700000000186,5.897700000000186,1.0,2,8.414799999999813,3,9.660799999999814,420.6942000000002
27,3,15,9.487600000000558,4.279600000000559,2.0,3,11.270700000000186,3,12.650799999999814,479.294
28,1,7,16.998400000035762,,,3,18.525700000047685,4,22.721400000035764,420.1333000000119
28,2,10,5.708600000023842,5.708600000023842,1.0,4,8.2545,3,10.48360000002384,626.4585999999642
28,3,11,4.972600000023842,4.972600000023842,1.0,4,7.1181000000238415,3,7.928800000011921,715.1536000000239
29,1,8,12.019200000047684,,,1,16.441900000095366,4,20.788,352.8362999999523
29,2,6,3.933400000095368,3.933400000095368,1.0,3,6.260400000095367,4,7.878300000190735,277.1987999999523
29,3,8,3.832400000095368,3.832400000095368,1.0,3,4.840300000190735,4,7.141400000095367,417.3929000000954
30,1,10,11.701,,,3,14.107,4,17.522,468.579
30,2,10,9.927,9.927,1.0,3,11.557,4,13.035,456.391
30,3,10,4.254,4.254,1.0,3,6.204,4,7.549,478.556
31,1,15,21.1565,,,3,23.473600000023843,4,31.8765,557.1401999999881
31,2,10,16.71130000001192,16.71130000001192,1.0,2,4.897100000023842,2,10.361200000047685,574.1343000000119
31,3,13,9.92819999998808,4.534099999964237,2.0,4,13.195099999964237,1,17.03819999998808,522.3167000000477
32,1,10,27.75519999998808,,,3,30.46490000000596,4,32.7495,407.5800999999941
32,2,12,4.745699999988079,4.745699999988079,1.0,3,6.166199999988079,4,7.53259999999404,395.9332999999821
32,3,12,4.118599999994039,4.118599999994039,1.0,3,5.2825,4,8.66630000001192,432.6337999999821
33,1,5,58.19980000001192,,,3,60.21230000001192,2,63.25910000002384,497.1345
33,2,7,35.81169999998808,22.9875,2.0,3,38.433,3,41.08689999997616,475.0901000000238
33,3,6,6.126599999964237,6.126599999964237,1.0,3,7.656099999964237,3,8.4985,427.36860000002383
34,2,20,17.7902999997139,16.388199999809267,2.0,2,21.71639999961853,3,23.52039999961853,436.039
34,3,10,9.056300000190737,7.066300000190735,2.0,2,12.952,3,14.134599999904632,433.8901999998093
35,1,12,13.751799999952317,,,3,16.236299999952315,3,18.32909999990463,425.6070999999046
35,2,10,8.839,8.839,1.0,3,10.6965,3,11.8145,421.7305
35,3,12,8.016200000047684,8.016200000047684,1.0,3,10.211099999904633,3,11.7085,426.7572000000477
36,1,12,22.9855,,,4,25.65369999999925,4,26.32269999999925,438.6246999999993
36,2,20,5.985900000002236,5.985900000002236,1.0,3,6.924900000002236,4,9.273900000002236,875.7581000000015
36,3,20,4.46479999999702,3.193199999999255,2.0,3,5.718,4,7.314,417.0689000000023
37,1,15,26.775,,,2,30.52030000001192,4,34.52590000000596,514.3455
37,2,10,5.60920000000298,4.555,2.0,3,9.32879999999702,4,11.35520000000298,477.43310000000895
37,3,8,4.00689999999106,4.00689999999106,1.0,2,6.09379999999702,3,7.59809999999404,451.86319999998807
38,1,13,12.02290000000596,,,2,13.76259999999404,3,15.829,469.4428000000119
38,2,6,7.586800000011921,7.586800000011921,1.0,3,13.19840000000596,2,18.49830000001192,428.36589999997614
38,3,7,3.69759999999404,3.69759999999404,1.0,3,4.79740000000596,3,7.430900000005961,381.583300000012
39,2,5,4.588699999999953,4.588699999999953,1.0,4,7.889,4,11.183399999999908,385.6532
39,3,7,2.769799999999813,2.769799999999813,1.0,3,5.905799999999814,4,9.430200000000186,381.98479999999984
40,1,5,17.70239999999851,,,2,20.308299999998884,3,22.76329999999888,399.5577999999989
40,2,6,11.090699999999256,11.090699999999256,1.0,3,19.223099999999626,3,21.090199999999253,392.2802999999989
40,3,9,10.352199999999256,10.352199999999256,1.0,2,12.626099999999628,3,14.286400000000372,353.39159999999964
41,1,7,10.402,,,1,12.225099999999628,4,16.76939999999991,388.454
41,2,8,3.7663999999999063,3.7663999999999063,1.0,1,5.498099999999628,4,7.6115,382.9117999999998
41,3,8,2.8087999999998137,2.8087999999998137,1.0,1,4.4112000000001865,4,6.6575,363.5048000000003
42,2,13,12.319,12.319,1.0,3,15.697799999952316,4,19.574700000047685,450.961
42,3,10,6.278100000023842,6.278100000023842,1.0,2,9.963400000095367,3,12.346200000047684,395.8620999999046
43,1,8,16.109800000071527,,,3,19.80339999997616,4,24.156,537.2472999999524
43,2,12,4.051,4.051,1.0,3,5.520100000023842,4,7.855600000023842,534.4466000000239
43,3,10,4.314399999976158,3.0007999999523163,2.0,3,5.969299999952316,4,7.392699999928475,519.9996000000239
44,1,5,92.76810000002384,,,2,54.58919999998808,4,99.004,578.7121000000238
44,2,6,44.89260000002384,44.89260000002384,1.0,2,49.52380000001192,4,54.30810000002384,558.7246000000239
44,3,5,27.27269999998808,27.27269999998808,1.0,2,30.763,4,34.04709999996424,526.8469000000358
45,1,10,15.516,,,2,18.7785,4,21.506200000047684,314.496399999857
45,2,15,4.191299999952316,4.191299999952316,1.0,1,5.989400000095367,4,7.7727999999523165,400.5695999999047
45,3,15,4.214599999904633,4.214599999904633,1.0,2,7.444099999904632,3,9.316099999904631,531.9532000000477
46,1,7,10.99169999998808,,,3,13.763,4,20.06119999998808,381.934099999994
46,2,3,7.33240000000596,3.9005,2.0,3,11.743,4,14.71880000001192,325.83469999998806
46,3,5,3.783799999982119,3.783799999982119,1.0,4,6.8483999999761584,4,9.63429999998212,466.800900000006
47,1,14,20.248700000047684,,,3,25.07210000002384,4,28.245200000047685,395.73410000002383
47,2,9,10.31930000001192,10.31930000001192,1.0,3,12.74519999998808,4,14.592099999964235,554.8415999999643
47,3,8,4.230399999976158,4.230399999976158,1.0,3,6.311099999964237,4,7.586199999988079,480.35869999998806
48,1,6,42.135,,,2,15.48709999999404,4,17.24459999999404,570.106299999997
48,2,6,3.8825,3.8825,1.0,1,5.3863000000119206,3,6.5098000000119205,350.08160000000896
48,3,8,2.719199999988079,2.719199999988079,1.0,1,4.843199999988079,2,6.0465,441.86569999998807
49,1,4,31.79819999998808,,,3,22.96569999998808,3,36.85190000000596,500.92040000000594
49,2,3,4.268,4.268,1.0,4,6.30659999999404,3,10.482399999976158,401.105
49,3,3,9.96119999998808,9.96119999998808,1.0,4,12.18159999999404,3,14.90509999999404,350.7033000000119
50,1,8,8.691099999427795,,,3,10.9215,4,13.07329999923706,496.4483999996185
50,2,6,6.572,6.572,1.0,4,8.8575,3,11.34689999961853,434.1515
50,3,5,6.01489999961853,6.01489999961853,1.0,4,8.008300000190735,4,10.919800000190737,349.767
51,1,12,23.24339999997616,,,2,31.32759999990463,3,38.91609999990463,384.8181999999285
51,2,6,12.644700000047685,12.644700000047685,1.0,3,15.572200000047683,2,17.410700000047683,435.8795
51,3,7,5.8043000000715255,5.8043000000715255,1.0,3,7.903600000023842,1,11.681899999976158,488.8203999999761
52,1,4,12.77710000002384,,,4,15.549200000047684,4,19.179400000035763,349.297
52,2,10,20.7195,20.7195,1.0,4,22.5285,3,24.18669999998808,517.0046999999881
52,3,8,3.237199999988079,3.237199999988079,1.0,3,5.422099999964237,3,7.642399999976158,409.3558000000119
53,2,200,7.6841999999992545,7.6841999999992545,1.0,3,22.0105,3,22.905,427.33170000000297
53,3,250,9.648,4.865099999997764,2.0,3,11.02129999999702,3,11.886099999997764,520.6205999999978
54,1,5,9.752400000095369,,,3,12.476799999952316,4,14.833700000047685,362.5762999999523
54,2,10,3.1776000001430518,3.1776000001430518,1.0,2,5.316700000047684,4,7.104800000190735,467.4557999999523
54,3,12,8.376799999952317,2.737,3.0,4,35.97,4,48.77179999995232,478.2335
55,2,12,7.313800000011921,7.313800000011921,1.0,3,9.881100000023842,3,12.48140000000596,455.757
55,3,8,15.705,15.705,1.0,3,17.798200000017882,3,19.46459999999404,356.20459999999406
56,1,10,25.100400000000374,,,3,33.995099999999624,4,44.76,393.0309000000004
56,2,12,13.219,13.219,1.0,4,18.21779999999888,4,22.6545,428.1356999999993
56,3,13,3.2429000000003727,3.2429000000003727,1.0,3,5.4145,3,8.87060000000149,469.3598999999985
57,1,10,17.93410000014305,,,4,22.764,3,24.931900000095368,535.9004000000954
57,2,9,3.593299999952316,3.593299999952316,1.0,4,4.695899999856949,3,9.312700000047684,566.6038999998569
57,3,6,4.070700000047684,4.070700000047684,1.0,4,7.451900000095367,4,9.180300000190735,400.25170000004766
58,1,10,44.3725,,,3,46.4595,3,52.565,431.468
58,2,10,11.095600000023842,11.095600000023842,1.0,3,13.94260000002384,3,18.33610000002384,556.1547999999523
58,3,10,7.984899999976158,7.984899999976158,1.0,3,9.984599999964235,3,12.088799999952316,503.5231999999881
59,2,10,0.0,0.0,1.0,4,33.46289999999106,4,36.50159999999404,607.051
59,3,15,8.098300000011921,6.0705,2.0,2,4.22990000000596,3,12.80480000001192,668.235299999997
